Symptom,Herbal_Remedies
asthma,"nutmeg, shankhpushpi"
itchy eyes,"basil, rock salt, kesar, ashwagandha"
skin rash,"fenugreek, basil, jatamansi"
lack of focus,"tulsi, kesar, triphala"
dry eyes,"haritaki, manjistha, amla"
hernia,"kesar, nutmeg, fenugreek"
sciatica,"basil, yastimadhu, onion extract"
mouth ulcers,"amla, bhringraj, mulethi"
acidity,"castor oil, brahmi, tulsi"
hepatitis,"cardamom, coriander, daruharidra, buttermilk"
weak bones,"shankhpushpi, kesar"
heat intolerance,"triphala, clove"
hypopigmentation,"gotu kola, cinnamon, neem"
sensitivity to cold,"cardamom, manjistha, jatamansi, mint"
irritability,"guggulu, buttermilk, ginger"
dark circles,"shatavari, triphala, kesar, bhringraj"
underweight,"sandalwood oil, daruharidra, gokshura"
diabetes,"black pepper, ajwain, kesar, ashwagandha"
hepatitis,"nutmeg, clove"
sweaty palms,"ashwagandha, turmeric, arjuna bark, kesar"
hot flashes,"lemongrass, gotu kola, ginger, ashwagandha"
tinnitus,"triphala, kulthi"
stomach cramps,"onion extract, neem, vidarikanda"
hearing loss,"fenugreek, buttermilk, ghee, jatamansi"
itchy eyes,"manjistha, cinnamon, triphala"
sleep apnea,"castor oil, lemongrass"
bedwetting,"ghee, haritaki"
acne,"brahmi, mulethi"
itchy eyes,"basil, castor oil"
dark circles,"garlic, cardamom"
cold feet,"kesar, fenugreek, clove"
panic attacks,"cinnamon, onion extract"
joint pain,"gotu kola, manjistha, sandalwood oil, neem"
indigestion,"til oil, buttermilk, garlic"
nausea,"pippali, arjuna bark"
skin rash,"neem, gokshura"
hearing loss,"manjistha, ajwain"
hyperpigmentation,"brahmi, daruharidra"
low libido,"daruharidra, jatamansi"
joint pain,"ashwagandha, garlic"
early menopause,"camphor, arjuna bark, shankhpushpi"
skin rash,"tulsi, gokshura, rock salt"
enlarged liver,"garlic, camphor, haritaki, triphala"
obesity,"shatavari, basil"
itchy eyes,"licorice root, jatamansi, pippali, guggulu"
sciatica,"ajwain, sandalwood oil, nutmeg, brahmi"
lack of focus,"til oil, tulsi, cardamom"
cold,"bhumi amla, daruharidra, kesar, basil"
dry eyes,"manjistha, neem"
cold,"triphala, neem, guggulu, sandalwood oil"
excessive hunger,"punarnava, nutmeg, tulsi"
infertility,"ashwagandha, punarnava"
fracture pain,"basil, nutmeg"
sciatica,"castor oil, honey, haritaki, basil"
dry cough,"clove, triphala"
enlarged liver,"onion extract, gokshura, basil"
sleep apnea,"triphala, arjuna bark, nutmeg, aloe vera"
stress,"tulsi, buttermilk, til oil"
sweaty palms,"bhumi amla, kesar"
ear pain,"rock salt, fenugreek, guggulu, aloe vera"
joint pain,"jatamansi, punarnava"
migraine,"ashwagandha, daruharidra, turmeric"
diabetes,"buttermilk, onion extract"
watery eyes,"daruharidra, haritaki"
migraine,"ghee, licorice root, jatamansi"
dry cough,"jatamansi, bhumi amla"
sleep apnea,"fennel, lemongrass"
depression,"mint, haritaki, tulsi"
depression,"punarnava, ghee, haritaki, mint"
neck pain,"lemongrass, arjuna bark, kesar, aloe vera"
throat infection,"ginger, licorice root, clove, turmeric"
palpitations,"buttermilk, onion extract, shankhpushpi"
dry skin,"basil, manjistha"
low appetite,"licorice root, bhumi amla, brahmi"
blurred vision,"sandalwood oil, ginger, castor oil"
flu,"gokshura, daruharidra, aloe vera, pippali"
ear discharge,"aloe vera, honey, manjistha"
indigestion,"brahmi, haritaki, ginger, cardamom"
cold sores,"ajwain, lemongrass, brahmi"
stomach cramps,"kesar, castor oil"
foot pain,"basil, cardamom"
sensitivity to cold,"aloe vera, bhringraj, ginger, ajwain"
lack of focus,"basil, tulsi, mint, castor oil"
fluid retention,"fennel, cardamom"
motion sickness,"tulsi, turmeric, jatamansi"
morning sickness,"aloe vera, turmeric"
acidity,"amla, tulsi, neem, clove"
fracture pain,"pippali, bhumi amla, bhringraj"
fracture pain,"mint, honey, castor oil"
sweaty palms,"haritaki, tulsi, ajwain"
muscle pain,"triphala, castor oil, coriander"
hepatitis,"rock salt, buttermilk, mint, yastimadhu"
knee pain,"shankhpushpi, gotu kola"
skin rash,"garlic, gotu kola, clove, shatavari"
gallstone,"arjuna bark, fennel, onion extract"
varicose veins,"castor oil, black pepper, triphala, bhumi amla"
sore throat,"rock salt, aloe vera"
hair fall,"ghee, licorice root, camphor, tulsi"
dark circles,"brahmi, shankhpushpi, yastimadhu"
eczema,"amla, yastimadhu, kesar, onion extract"
dandruff,"fennel, punarnava, camphor, onion extract"
measles,"camphor, neem, mint, pippali"
restlessness,"mulethi, cinnamon, onion extract, kesar"
constipation,"castor oil, fenugreek"
sore throat,"castor oil, black pepper, bhumi amla, mulethi"
mental fog,"ajwain, ashwagandha"
gastritis,"neem, jeera, amla"
irritability,"honey, vidarikanda"
panic attacks,"triphala, kesar, fennel, manjistha"
sinusitis,"bhumi amla, cardamom, camphor"
blurred vision,"camphor, punarnava, aloe vera"
cracked heels,"licorice root, brahmi, haritaki"
eye strain,"coriander, haritaki, black pepper, sandalwood oil"
bloating,"camphor, lemongrass, bhringraj"
infertility,"arjuna bark, ajwain, bhumi amla"
skin rash,"bhumi amla, buttermilk"
whooping cough,"cinnamon, garlic"
sleep apnea,"garlic, brahmi"
bronchitis,"guggulu, castor oil, aloe vera, gokshura"
foot pain,"sandalwood oil, shankhpushpi"
snoring,"nutmeg, arjuna bark, castor oil"
low libido,"coriander, licorice root, ajwain, til oil"
cold,"mulethi, ghee, daruharidra"
blurred vision,"vidarikanda, arjuna bark, cardamom"
dandruff,"triphala, kulthi, gokshura"
fatigue,"coriander, kesar"
bloating,"mint, pippali, haritaki"
vision loss,"cinnamon, bhumi amla, jeera, cardamom"
mouth ulcers,"black pepper, aloe vera, ajwain"
body odor,"daruharidra, fenugreek, tulsi, mint"
lack of focus,"garlic, jatamansi"
toothache,"aloe vera, fenugreek, cinnamon, haritaki"
underweight,"gotu kola, jatamansi, yastimadhu, ajwain"
ear discharge,"ajwain, daruharidra, ginger"
hepatitis,"punarnava, haritaki"
foot pain,"kulthi, bhringraj, nutmeg, kesar"
indigestion,"pippali, ajwain, clove"
acne,"gokshura, jeera, fennel"
kidney stone,"ginger, yastimadhu, clove"
psoriasis,"punarnava, lemongrass, sandalwood oil, garlic"
lack of focus,"til oil, fenugreek, bhringraj, licorice root"
low libido,"shankhpushpi, cinnamon, mulethi, vidarikanda"
gastritis,"triphala, pippali"
sinusitis,"nutmeg, ashwagandha, triphala, arjuna bark"
allergic rhinitis,"jatamansi, ashwagandha"
vomiting,"ginger, gokshura, rock salt"
menstrual cramps,"basil, clove, aloe vera"
fever,"jeera, coriander, yastimadhu, gokshura"
body odor,"sandalwood oil, manjistha, ginger"
chest congestion,"ashwagandha, licorice root, cardamom"
cold feet,"lemongrass, cardamom, mint, jatamansi"
bad breath,"gotu kola, jatamansi, tulsi, til oil"
hyperpigmentation,"clove, kesar, fennel"
joint pain,"kulthi, kesar, brahmi"
motion sickness,"black pepper, mint, yastimadhu"
gastritis,"fennel, amla, garlic"
hair fall,"licorice root, guggulu, shankhpushpi, garlic"
cold feet,"aloe vera, yastimadhu, basil, brahmi"
stress,"jatamansi, bhumi amla, shankhpushpi, daruharidra"
palpitations,"cardamom, coriander"
cold,"manjistha, bhringraj"
watery eyes,"aloe vera, cinnamon"
fracture pain,"onion extract, aloe vera, clove, garlic"
liver issues,"arjuna bark, aloe vera, turmeric"
cold,"brahmi, shatavari, kulthi, honey"
eczema,"fenugreek, yastimadhu, cinnamon"
lack of focus,"gotu kola, black pepper, til oil, ashwagandha"
low immunity,"jatamansi, bhringraj"
cold sores,"turmeric, camphor, jeera, manjistha"
varicose veins,"lemongrass, ghee"
cold,"jatamansi, jeera"
gastritis,"castor oil, kulthi, shatavari, ginger"
varicose veins,"ashwagandha, black pepper"
kidney stone,"guggulu, onion extract, gotu kola, shatavari"
numbness,"manjistha, shatavari, nutmeg"
delayed periods,"ajwain, brahmi, mulethi"
sweaty palms,"gokshura, neem, cinnamon"
appendicitis,"onion extract, mulethi, black pepper, fennel"
watery eyes,"kulthi, honey, turmeric"
snoring,"kulthi, rock salt, licorice root"
hyperpigmentation,"castor oil, ginger"
snoring,"guggulu, garlic, nutmeg, vidarikanda"
low immunity,"triphala, onion extract"
colitis,"camphor, cardamom, yastimadhu"
muscle pain,"ginger, shankhpushpi"
infertility,"ashwagandha, cardamom, basil, mulethi"
acidity,"aloe vera, shatavari"
cold sores,"coriander, vidarikanda, neem, arjuna bark"
cramps,"gotu kola, basil, cardamom"
allergic rhinitis,"guggulu, basil, kulthi"
sweaty palms,"kesar, basil, amla"
weak bones,"amla, ashwagandha"
hearing loss,"neem, buttermilk, rock salt"
cramps,"pippali, castor oil, til oil"
rheumatism,"kulthi, cardamom, ashwagandha, haritaki"
gum bleeding,"fennel, gokshura, kulthi, rock salt"
fracture pain,"manjistha, jatamansi"
insomnia,"fenugreek, aloe vera, honey"
fatigue,"coriander, garlic"
stomach cramps,"ajwain, fenugreek, tulsi, brahmi"
brittle nails,"shatavari, mulethi"
eczema,"cinnamon, nutmeg, punarnava, gokshura"
acne,"ghee, kesar"
anxiety,"jeera, mulethi, haritaki"
bloating,"shatavari, cinnamon"
sore throat,"kulthi, tulsi, sandalwood oil"
knee pain,"sandalwood oil, jatamansi, shankhpushpi, ashwagandha"
stress,"mulethi, cardamom, fennel"
cold sores,"bhringraj, fennel"
eye strain,"garlic, nutmeg, punarnava"
chickenpox,"neem, mulethi, manjistha"
gastritis,"haritaki, ashwagandha, castor oil"
sore throat,"neem, mulethi, triphala"
acne,"shatavari, castor oil, nutmeg"
irritability,"black pepper, jeera, bhringraj, amla"
liver issues,"arjuna bark, nutmeg"
body odor,"manjistha, jatamansi, camphor, mulethi"
memory loss,"yastimadhu, cardamom, onion extract, sandalwood oil"
cold feet,"daruharidra, fenugreek"
hair fall,"honey, amla"
low appetite,"yastimadhu, brahmi, ginger, onion extract"
rheumatism,"fennel, tulsi, rock salt, brahmi"
itching,"yastimadhu, jeera, bhringraj"
back pain,"amla, kulthi, mint"
sinusitis,"guggulu, arjuna bark"
fever,"jeera, cinnamon"
nausea,"shankhpushpi, bhumi amla, shatavari, aloe vera"
kidney stone,"buttermilk, onion extract, bhringraj"
knee pain,"manjistha, clove"
mouth ulcers,"fennel, clove, cinnamon"
vomiting,"vidarikanda, punarnava, neem, ginger"
allergic rhinitis,"til oil, ajwain, garlic, arjuna bark"
chest congestion,"ghee, manjistha"
muscle pain,"shatavari, sandalwood oil"
low blood pressure,"turmeric, shankhpushpi"
memory loss,"pippali, camphor, yastimadhu"
hepatitis,"manjistha, black pepper, honey"
itchy eyes,"kesar, black pepper, jeera"
headache,"licorice root, garlic, basil"
fracture pain,"manjistha, black pepper, neem"
low energy,"coriander, vidarikanda, fenugreek"
cracked heels,"garlic, pippali, fennel"
restlessness,"fenugreek, daruharidra, castor oil"
gas,"til oil, mulethi, licorice root"
cold,"onion extract, nutmeg, gokshura, cardamom"
gallstone,"kulthi, arjuna bark"
weak bones,"til oil, yastimadhu, amla, turmeric"
acne,"punarnava, ghee, aloe vera, garlic"
gallstone,"garlic, tulsi, triphala, gokshura"
low appetite,"castor oil, til oil, bhumi amla, jatamansi"
migraine,"punarnava, bhumi amla"
back pain,"tulsi, ginger, rock salt, cardamom"
memory loss,"sandalwood oil, tulsi, garlic, lemongrass"
measles,"nutmeg, cardamom, black pepper, clove"
psoriasis,"yastimadhu, ghee, cardamom"
enlarged liver,"black pepper, honey, punarnava"
greasy skin,"manjistha, turmeric, daruharidra, kulthi"
restlessness,"rock salt, ajwain, lemongrass, garlic"
joint pain,"fennel, sandalwood oil"
indigestion,"tulsi, brahmi, sandalwood oil"
watery eyes,"daruharidra, basil, yastimadhu"
tongue sores,"ginger, daruharidra"
watery eyes,"punarnava, gotu kola, arjuna bark"
ear discharge,"manjistha, gotu kola, buttermilk, lemongrass"
underweight,"licorice root, bhumi amla, mint"
stress,"basil, cinnamon, jatamansi, neem"
brittle nails,"black pepper, arjuna bark"
whooping cough,"vidarikanda, jatamansi"
hernia,"rock salt, kesar, bhumi amla"
motion sickness,"clove, cardamom"
colitis,"til oil, honey"
sensitivity to cold,"triphala, haritaki, manjistha"
back pain,"bhringraj, amla"
sweaty palms,"camphor, clove, amla"
delayed periods,"mulethi, gotu kola"
colitis,"pippali, buttermilk"
eczema,"daruharidra, rock salt"
throat infection,"fenugreek, coriander"
foot pain,"licorice root, turmeric"
dry skin,"bhringraj, mulethi"
early menopause,"pippali, ashwagandha, haritaki, shatavari"
ear discharge,"honey, ginger, gokshura"
hepatitis,"vidarikanda, camphor"
cracked heels,"brahmi, lemongrass"
restlessness,"castor oil, punarnava, rock salt"
varicose veins,"clove, haritaki"
dry cough,"black pepper, til oil"
irritability,"triphala, jatamansi, lemongrass, arjuna bark"
cold sores,"brahmi, triphala, jatamansi"
vomiting,"punarnava, camphor, onion extract"
sinusitis,"vidarikanda, camphor, black pepper, basil"
neck pain,"punarnava, cinnamon, shankhpushpi, fennel"
menstrual cramps,"lemongrass, turmeric, licorice root"
migraine,"guggulu, aloe vera, gokshura"
infertility,"clove, yastimadhu"
numbness,"jeera, clove"
cramps,"ghee, vidarikanda, rock salt, yastimadhu"
allergic rhinitis,"rock salt, ghee"
greasy skin,"gotu kola, tulsi, buttermilk, brahmi"
urinary infection,"coriander, gokshura, brahmi, rock salt"
fracture pain,"jeera, nutmeg, manjistha"
hepatitis,"haritaki, vidarikanda"
toothache,"ajwain, cardamom"
diabetes,"sandalwood oil, nutmeg, amla, ghee"
foot pain,"honey, ginger, gotu kola"
ear discharge,"castor oil, fennel, turmeric, vidarikanda"
fracture pain,"tulsi, sandalwood oil, lemongrass"
greasy skin,"daruharidra, turmeric, mulethi"
obesity,"jeera, camphor, lemongrass"
cracked heels,"kulthi, daruharidra, nutmeg, vidarikanda"
enlarged liver,"neem, pippali, honey"
tremors,"gotu kola, haritaki, guggulu, basil"
low appetite,"sandalwood oil, gotu kola, ginger"
sweaty palms,"rock salt, clove"
toothache,"garlic, lemongrass"
depression,"nutmeg, turmeric, jeera"
obesity,"yastimadhu, nutmeg, jatamansi"
menstrual cramps,"ghee, camphor, punarnava, coriander"
vision loss,"licorice root, black pepper, neem"
chest congestion,"daruharidra, garlic, clove, punarnava"
sweaty palms,"ghee, kesar, aloe vera"
ear discharge,"tulsi, fennel"
sensitivity to cold,"pippali, cinnamon"
dry eyes,"bhumi amla, onion extract, ajwain"
mouth ulcers,"til oil, fennel, turmeric"
irritability,"bhringraj, basil, buttermilk, til oil"
gastritis,"castor oil, amla"
bedwetting,"guggulu, triphala"
insomnia,"haritaki, gokshura, aloe vera, bhumi amla"
fracture pain,"cinnamon, yastimadhu, triphala, licorice root"
mouth ulcers,"pippali, sandalwood oil, manjistha, gokshura"
spleen pain,"buttermilk, clove, kesar, neem"
insomnia,"nutmeg, buttermilk"
psoriasis,"vidarikanda, lemongrass"
numbness,"shatavari, onion extract"
stress,"mint, garlic, til oil, fenugreek"
sinusitis,"gokshura, shatavari, ghee"
fatigue,"lemongrass, til oil, daruharidra"
hot flashes,"fennel, amla, punarnava"
vision loss,"ghee, jeera, fenugreek, cinnamon"
anxiety,"ashwagandha, bhumi amla, jatamansi, coriander"
diabetes,"buttermilk, brahmi, garlic, onion extract"
blurred vision,"camphor, punarnava, kulthi"
panic attacks,"ajwain, aloe vera, camphor, punarnava"
weak bones,"gokshura, brahmi, lemongrass"
lack of focus,"jeera, coriander, neem, mulethi"
whooping cough,"gotu kola, bhringraj, ginger, triphala"
irritability,"garlic, mulethi"
mouth ulcers,"bhumi amla, honey"
bloating,"triphala, ghee"
bedwetting,"turmeric, punarnava, manjistha, fenugreek"
rheumatism,"sandalwood oil, mulethi, fenugreek"
sensitivity to cold,"licorice root, arjuna bark"
watery eyes,"brahmi, lemongrass, camphor"
flu,"pippali, punarnava, tulsi, vidarikanda"
fluid retention,"mint, aloe vera, vidarikanda, til oil"
vomiting,"manjistha, nutmeg"
underweight,"guggulu, shatavari, ashwagandha"
palpitations,"shatavari, jatamansi, mint"
hair fall,"honey, cinnamon, basil, mulethi"
hepatitis,"punarnava, jeera, manjistha, gokshura"
eczema,"nutmeg, sandalwood oil, gokshura, yastimadhu"
stomach cramps,"shankhpushpi, shatavari"
cramps,"honey, tulsi, vidarikanda"
hot flashes,"shatavari, gotu kola, vidarikanda"
panic attacks,"fenugreek, lemongrass, fennel"
underweight,"turmeric, ashwagandha"
cold,"tulsi, mint, cinnamon"
stomach cramps,"amla, guggulu"
hiccups,"coriander, rock salt"
appendicitis,"rock salt, gokshura, amla, neem"
weak bones,"black pepper, triphala, tulsi, gotu kola"
cramps,"sandalwood oil, pippali"
greasy skin,"gokshura, ajwain, amla, clove"
eczema,"sandalwood oil, manjistha, triphala, ghee"
rheumatism,"castor oil, shankhpushpi, fenugreek, bhumi amla"
liver issues,"coriander, ginger, gotu kola, castor oil"
sweaty palms,"kesar, pippali"
toothache,"garlic, lemongrass"
sciatica,"punarnava, camphor"
sore throat,"nutmeg, black pepper, lemongrass, manjistha"
bad breath,"daruharidra, turmeric, fenugreek, ginger"
kidney stone,"ajwain, ghee"
shingles,"gotu kola, jeera, black pepper"
stress,"kulthi, turmeric"
motion sickness,"yastimadhu, cinnamon"
indigestion,"punarnava, mulethi, ginger"
constipation,"ghee, guggulu, haritaki"
ear discharge,"mulethi, sandalwood oil"
fatigue,"cinnamon, nutmeg, licorice root, clove"
whooping cough,"jeera, amla, ghee, camphor"
eczema,"mint, camphor"
blurred vision,"turmeric, brahmi, lemongrass, jeera"
back pain,"yastimadhu, mulethi, ghee, kulthi"
spleen pain,"punarnava, ginger, coriander"
back pain,"fenugreek, pippali, tulsi"
tinnitus,"lemongrass, punarnava, bhringraj"
ear pain,"mint, kesar, vidarikanda, ajwain"
pms symptoms,"turmeric, lemongrass, black pepper, til oil"
fever,"ashwagandha, ghee"
hiccups,"punarnava, nutmeg, kulthi, bhringraj"
watery eyes,"kulthi, brahmi"
asthma,"honey, pippali, cardamom, clove"
obesity,"ashwagandha, jeera, gotu kola, bhringraj"
low energy,"kulthi, mint"
cracked heels,"lemongrass, fenugreek, turmeric, brahmi"
gas,"amla, buttermilk"
greasy skin,"amla, fenugreek, fennel"
diabetes,"onion extract, bhringraj, ajwain, basil"
low libido,"vidarikanda, punarnava, castor oil, brahmi"
insomnia,"daruharidra, ashwagandha, mulethi"
headache,"vidarikanda, brahmi, guggulu"
shingles,"kesar, aloe vera, mulethi"
acidity,"fennel, neem, garlic"
early menopause,"basil, guggulu"
underweight,"arjuna bark, coriander, sandalwood oil"
indigestion,"mulethi, cardamom, cinnamon"
sinusitis,"jatamansi, arjuna bark, neem, cinnamon"
cracked heels,"mulethi, gokshura, black pepper, nutmeg"
headache,"castor oil, clove"
sensitivity to cold,"fennel, castor oil, cinnamon, ashwagandha"
gastritis,"ashwagandha, jatamansi, tulsi"
knee pain,"clove, bhringraj, gotu kola, shatavari"
colitis,"shankhpushpi, amla"
kidney stone,"bhringraj, til oil"
hair greying,"til oil, black pepper, daruharidra, ginger"
palpitations,"amla, aloe vera, til oil"
kidney stone,"jatamansi, brahmi"
hernia,"nutmeg, licorice root, kesar, ghee"
vomiting,"kesar, cinnamon, fennel, punarnava"
restlessness,"yastimadhu, manjistha, mint, vidarikanda"
low energy,"turmeric, bhumi amla"
heat intolerance,"black pepper, kulthi, kesar, brahmi"
kidney stone,"ginger, ashwagandha, clove, triphala"
infertility,"yastimadhu, kesar, triphala, fenugreek"
cracked heels,"ginger, gotu kola, gokshura"
early menopause,"arjuna bark, tulsi, haritaki"
headache,"jeera, ashwagandha"
ear pain,"jatamansi, mint, til oil, lemongrass"
hernia,"fennel, mulethi, ashwagandha, triphala"
cold,"garlic, triphala, til oil, ginger"
hypopigmentation,"licorice root, fenugreek"
brittle nails,"gokshura, onion extract, fennel, basil"
enlarged liver,"bhumi amla, turmeric"
psoriasis,"neem, lemongrass, cardamom, guggulu"
gas,"aloe vera, ghee, coriander"
colitis,"ghee, fenugreek, amla, coriander"
vomiting,"neem, honey, licorice root"
tinnitus,"ginger, jatamansi"
toothache,"kulthi, nutmeg, haritaki, fenugreek"
sensitivity to cold,"ginger, tulsi, garlic, yastimadhu"
frequent urination,"jatamansi, buttermilk"
bronchitis,"kulthi, triphala, haritaki, arjuna bark"
constipation,"ghee, bhumi amla, ginger"
ear pain,"castor oil, tulsi, kesar, pippali"
sore throat,"punarnava, fennel, aloe vera"
kidney stone,"coriander, cardamom"
asthma,"bhringraj, mulethi"
eczema,"guggulu, shankhpushpi, kulthi, rock salt"
vision loss,"kesar, til oil, buttermilk"
low blood pressure,"vidarikanda, brahmi, clove"
swollen ankles,"camphor, ajwain, jeera, bhumi amla"
spleen pain,"triphala, bhringraj"
blurred vision,"gotu kola, kesar, amla"
tinnitus,"camphor, castor oil, rock salt, jatamansi"
hypopigmentation,"coriander, jatamansi"
skin rash,"fennel, fenugreek, shatavari, turmeric"
diabetes,"haritaki, lemongrass, gotu kola, camphor"
liver issues,"basil, lemongrass"
sensitivity to cold,"clove, cinnamon, lemongrass, bhumi amla"
hair greying,"arjuna bark, gotu kola, basil, jatamansi"
sore throat,"nutmeg, jatamansi, brahmi, arjuna bark"
rheumatism,"castor oil, kulthi"
back pain,"clove, honey"
gastritis,"mint, triphala, turmeric"
cracked heels,"shatavari, bhringraj, cinnamon"
kidney stone,"clove, kulthi, brahmi, ghee"
underweight,"honey, aloe vera"
vision loss,"black pepper, kesar, guggulu, castor oil"
knee pain,"lemongrass, pippali, mint"
low appetite,"shankhpushpi, onion extract, clove"
underweight,"shankhpushpi, triphala, vidarikanda, bhringraj"
hepatitis,"honey, gokshura, buttermilk"
fever,"ashwagandha, bhumi amla, bhringraj"
acidity,"lemongrass, manjistha"
ear pain,"til oil, clove, shatavari, yastimadhu"
varicose veins,"shankhpushpi, clove"
fluid retention,"camphor, tulsi"
enlarged liver,"black pepper, nutmeg"
hair greying,"gokshura, vidarikanda, pippali"
spleen pain,"neem, sandalwood oil, arjuna bark, guggulu"
diabetes,"arjuna bark, bhringraj, nutmeg, daruharidra"
tinnitus,"sandalwood oil, bhumi amla"
muscle pain,"mint, clove, mulethi"
infertility,"licorice root, arjuna bark"
tremors,"haritaki, sandalwood oil"
bad breath,"arjuna bark, licorice root"
infertility,"haritaki, garlic, mulethi"
liver issues,"ashwagandha, ghee"
vomiting,"haritaki, gokshura"
rheumatism,"pippali, nutmeg"
dry cough,"pippali, fennel, clove"
tremors,"black pepper, honey, fennel, brahmi"
hearing loss,"guggulu, punarnava, sandalwood oil, pippali"
motion sickness,"ashwagandha, licorice root, triphala"
obesity,"neem, kulthi, licorice root, vidarikanda"
back pain,"ghee, buttermilk, onion extract, turmeric"
flu,"mint, jatamansi"
hot flashes,"amla, honey, manjistha"
bloating,"bhumi amla, fennel, arjuna bark, punarnava"
itching,"nutmeg, garlic, punarnava, yastimadhu"
bedwetting,"ghee, kesar"
restlessness,"nutmeg, coriander, arjuna bark"
diabetes,"garlic, black pepper"
acidity,"sandalwood oil, manjistha"
chickenpox,"black pepper, bhumi amla, tulsi, basil"
excessive hunger,"onion extract, basil, fennel, camphor"
constipation,"ginger, daruharidra"
pms symptoms,"bhringraj, fennel"
shingles,"bhringraj, fennel"
chest congestion,"arjuna bark, yastimadhu, coriander"
irritability,"castor oil, bhringraj, turmeric, jeera"
fluid retention,"vidarikanda, cinnamon, onion extract"
toothache,"amla, turmeric, black pepper"
indigestion,"aloe vera, ajwain"
foot pain,"fenugreek, ginger, haritaki, honey"
diabetes,"fennel, arjuna bark"
shingles,"turmeric, ajwain, camphor"
allergic rhinitis,"shatavari, cardamom, triphala, onion extract"
dry eyes,"neem, coriander, manjistha"
panic attacks,"aloe vera, bhumi amla, jeera, triphala"
varicose veins,"tulsi, guggulu, gokshura, sandalwood oil"
cold,"lemongrass, clove"
panic attacks,"punarnava, vidarikanda, licorice root"
sweaty palms,"mulethi, sandalwood oil, aloe vera, gokshura"
enlarged liver,"black pepper, fennel, camphor, tulsi"
stress,"bhumi amla, cinnamon, jeera"
flu,"aloe vera, amla, fennel"
liver issues,"gotu kola, camphor, til oil"
chickenpox,"punarnava, mulethi, clove"
hearing loss,"sandalwood oil, brahmi"
low immunity,"gokshura, daruharidra"
early menopause,"basil, kesar, arjuna bark"
knee pain,"cardamom, bhringraj, bhumi amla"
sunburn,"brahmi, tulsi"
gas,"arjuna bark, shatavari, castor oil, kulthi"
motion sickness,"kulthi, fennel"
palpitations,"pippali, onion extract"
tongue sores,"ashwagandha, basil, kesar, gokshura"
menstrual cramps,"til oil, castor oil, arjuna bark, lemongrass"
kidney stone,"licorice root, ginger"
gastritis,"fennel, basil, black pepper, amla"
hepatitis,"coriander, punarnava"
morning sickness,"pippali, til oil"
gum bleeding,"buttermilk, clove, mint, licorice root"
itchy eyes,"mulethi, triphala, turmeric, til oil"
numbness,"pippali, ajwain"
dark circles,"gokshura, fennel"
dry eyes,"bhumi amla, brahmi, licorice root"
dandruff,"shatavari, fennel, kulthi, ginger"
psoriasis,"black pepper, yastimadhu, sandalwood oil, fennel"
panic attacks,"cardamom, neem, arjuna bark"
hot flashes,"nutmeg, bhumi amla, cinnamon"
bloating,"amla, onion extract, til oil"
measles,"sandalwood oil, coriander"
depression,"castor oil, guggulu"
hepatitis,"honey, bhumi amla"
hiccups,"shatavari, shankhpushpi"
blurred vision,"kulthi, bhringraj, ghee, triphala"
flu,"bhringraj, rock salt, sandalwood oil, neem"
stomach cramps,"jatamansi, triphala, castor oil, neem"
dry cough,"arjuna bark, triphala"
dark circles,"basil, yastimadhu"
fever,"jeera, arjuna bark"
neck pain,"neem, haritaki, bhumi amla, mint"
gastritis,"jatamansi, manjistha, cardamom, turmeric"
body odor,"ghee, turmeric, triphala"
colitis,"lemongrass, neem"
stomach cramps,"bhringraj, mint"
laryngitis,"aloe vera, jeera, turmeric, honey"
cold feet,"pippali, triphala"
brittle nails,"jatamansi, bhumi amla, cinnamon"
sore throat,"bhringraj, haritaki, arjuna bark"
stomach cramps,"cinnamon, til oil, pippali, fenugreek"
fatigue,"kulthi, yastimadhu"
bad breath,"haritaki, gokshura, shatavari, tulsi"
cold feet,"rock salt, coriander, bhringraj"
cold feet,"daruharidra, kesar, amla"
ear discharge,"ghee, shankhpushpi, cardamom, camphor"
whooping cough,"neem, fenugreek, licorice root, guggulu"
mental fog,"fennel, ghee, ajwain"
ear discharge,"ajwain, manjistha, cardamom, arjuna bark"
morning sickness,"bhumi amla, onion extract"
hernia,"amla, rock salt, cinnamon, black pepper"
eye strain,"ghee, licorice root, gokshura, cardamom"
allergic rhinitis,"ashwagandha, kesar, nutmeg, bhumi amla"
gallstone,"daruharidra, buttermilk"
dry cough,"kesar, camphor"
rheumatism,"cinnamon, kulthi"
migraine,"shankhpushpi, ghee, licorice root"
asthma,"shatavari, triphala"
hepatitis,"camphor, jeera"
flu,"arjuna bark, buttermilk, kulthi"
liver issues,"clove, basil"
numbness,"ajwain, yastimadhu, black pepper"
depression,"black pepper, haritaki"
dandruff,"pippali, cardamom, arjuna bark, mint"
weak bones,"triphala, mint, bhringraj, gotu kola"
gastritis,"ghee, onion extract"
sunburn,"gokshura, yastimadhu"
eye strain,"black pepper, garlic"
dandruff,"neem, mint"
measles,"camphor, coriander"
motion sickness,"black pepper, triphala, neem, castor oil"
laryngitis,"jatamansi, bhumi amla, shatavari"
low appetite,"gotu kola, triphala, ginger, nutmeg"
sleep apnea,"mint, turmeric"
mental fog,"basil, manjistha, buttermilk, aloe vera"
bronchitis,"nutmeg, onion extract, vidarikanda, buttermilk"
enlarged liver,"shatavari, pippali"
sinusitis,"daruharidra, gokshura, onion extract, black pepper"
eczema,"til oil, basil, arjuna bark"
cracked heels,"vidarikanda, bhumi amla, lemongrass, ghee"
colitis,"til oil, amla, yastimadhu"
diabetes,"sandalwood oil, rock salt, bhringraj"
bad breath,"kulthi, ghee, jeera"
menstrual cramps,"yastimadhu, camphor"
body odor,"haritaki, nutmeg"
restlessness,"neem, nutmeg, jeera"
irritability,"kulthi, honey"
joint pain,"ginger, cardamom, licorice root"
watery eyes,"ghee, sandalwood oil, camphor"
measles,"haritaki, gotu kola, coriander"
muscle pain,"rock salt, guggulu"
dandruff,"clove, kesar"
menstrual cramps,"honey, jatamansi, neem"
delayed periods,"buttermilk, pippali, guggulu"
fracture pain,"fenugreek, aloe vera, ginger, bhumi amla"
dry cough,"shatavari, shankhpushpi, tulsi"
low libido,"daruharidra, kesar, haritaki, jeera"
ear discharge,"rock salt, ashwagandha, cinnamon, arjuna bark"
obesity,"tulsi, mulethi"
bronchitis,"neem, coriander"
morning sickness,"mulethi, ajwain, triphala, lemongrass"
tremors,"ashwagandha, til oil, bhringraj"
low immunity,"mulethi, nutmeg"
sunburn,"vidarikanda, aloe vera, brahmi, castor oil"
irritability,"garlic, haritaki"
high blood pressure,"arjuna bark, jatamansi, sandalwood oil"
low blood pressure,"til oil, yastimadhu, cinnamon, bhumi amla"
hiccups,"camphor, honey, licorice root"
stress,"daruharidra, guggulu"
delayed periods,"guggulu, sandalwood oil, brahmi"
low energy,"amla, clove, shatavari, fennel"
hair fall,"vidarikanda, til oil, bhumi amla, mulethi"
delayed periods,"jatamansi, ghee, honey, haritaki"
acidity,"til oil, mulethi, clove"
sciatica,"fenugreek, onion extract, camphor"
hearing loss,"ginger, tulsi, licorice root, coriander"
joint pain,"kulthi, basil, ginger, jeera"
gum bleeding,"bhumi amla, mint"
heat intolerance,"punarnava, jeera, mulethi, ghee"
blurred vision,"black pepper, licorice root, daruharidra"
brittle nails,"coriander, punarnava, buttermilk"
indigestion,"daruharidra, onion extract, til oil"
cold feet,"til oil, mulethi, lemongrass"
vomiting,"pippali, licorice root, kulthi"
kidney stone,"castor oil, nutmeg"
hot flashes,"gokshura, clove"
low immunity,"black pepper, arjuna bark, turmeric"
vomiting,"vidarikanda, gokshura, cinnamon"
whooping cough,"lemongrass, ghee, pippali, arjuna bark"
ear pain,"tulsi, turmeric"
headache,"sandalwood oil, neem, arjuna bark"
eczema,"gokshura, shankhpushpi, mulethi"
laryngitis,"ghee, clove, vidarikanda"
low appetite,"black pepper, basil"
foot pain,"garlic, ashwagandha, pippali, ginger"
palpitations,"shatavari, triphala, ajwain, camphor"
bloating,"gokshura, buttermilk"
shingles,"kesar, jatamansi, rock salt"
excessive hunger,"pippali, haritaki"
menstrual cramps,"mulethi, amla, cinnamon"
allergic rhinitis,"shankhpushpi, cardamom, basil"
diabetes,"shatavari, kulthi"
insomnia,"ashwagandha, buttermilk, pippali, jeera"
flu,"mulethi, manjistha, punarnava, fenugreek"
hot flashes,"ginger, mint, cardamom, ashwagandha"
bedwetting,"amla, sandalwood oil"
constipation,"turmeric, ginger, onion extract, rock salt"
sinusitis,"rock salt, triphala, bhringraj"
throat infection,"cardamom, gotu kola, haritaki"
tongue sores,"castor oil, clove, onion extract, sandalwood oil"
constipation,"haritaki, shankhpushpi, basil"
lack of focus,"mulethi, honey, bhumi amla, rock salt"
insomnia,"licorice root, ghee, black pepper"
laryngitis,"daruharidra, turmeric, licorice root"
fever,"turmeric, vidarikanda, rock salt, guggulu"
bad breath,"gotu kola, punarnava"
foot pain,"pippali, castor oil, black pepper"
dry skin,"pippali, sandalwood oil, guggulu, camphor"
colitis,"coriander, garlic"
bloating,"ghee, lemongrass, camphor"
tongue sores,"daruharidra, haritaki, mulethi"
infertility,"black pepper, kulthi"
irritability,"kulthi, tulsi, bhringraj"
swollen ankles,"mulethi, castor oil"
hepatitis,"clove, guggulu"
sweaty palms,"kesar, tulsi"
hearing loss,"ghee, fennel, fenugreek"
hair fall,"jatamansi, guggulu, gotu kola"
bronchitis,"gotu kola, gokshura, sandalwood oil"
depression,"til oil, licorice root, vidarikanda"
panic attacks,"jatamansi, fenugreek, yastimadhu"
cold,"arjuna bark, sandalwood oil, brahmi"
diabetes,"jatamansi, lemongrass, kesar"
high blood pressure,"daruharidra, yastimadhu, jatamansi, camphor"
sweaty palms,"clove, fennel, yastimadhu, kulthi"
fatigue,"shankhpushpi, lemongrass, neem"
heat intolerance,"clove, kesar"
gum bleeding,"bhringraj, ginger, triphala"
knee pain,"turmeric, yastimadhu, buttermilk, ginger"
swollen ankles,"ajwain, rock salt, jeera, onion extract"
urinary infection,"ajwain, sandalwood oil"
low immunity,"haritaki, basil, gotu kola"
vision loss,"ajwain, daruharidra"
early menopause,"buttermilk, daruharidra"
panic attacks,"til oil, pippali"
pms symptoms,"buttermilk, kesar"
hernia,"honey, brahmi, cardamom, gokshura"
gas,"ashwagandha, shatavari"
acidity,"mulethi, nutmeg, aloe vera"
acidity,"ginger, nutmeg, castor oil"
toothache,"black pepper, buttermilk"
early menopause,"guggulu, mulethi, fenugreek, arjuna bark"
low energy,"fenugreek, clove"
urinary infection,"camphor, vidarikanda, lemongrass"
sleep apnea,"jeera, ajwain"
delayed periods,"honey, vidarikanda, yastimadhu"
colitis,"gotu kola, gokshura"
numbness,"clove, licorice root, haritaki, honey"
memory loss,"til oil, lemongrass"
watery eyes,"coriander, clove, ajwain"
bronchitis,"amla, punarnava, fennel, arjuna bark"
gum bleeding,"pippali, ginger, shatavari"
sensitivity to cold,"coriander, kulthi, black pepper"
hiccups,"bhumi amla, haritaki"
low libido,"haritaki, cardamom, kulthi, jeera"
obesity,"jatamansi, gokshura, fennel, pippali"
ear discharge,"amla, black pepper, coriander"
chickenpox,"ginger, arjuna bark, amla"
cramps,"black pepper, ashwagandha, amla, guggulu"
hair greying,"basil, fenugreek"
fever,"ashwagandha, clove"
frequent urination,"mint, lemongrass"
hiccups,"bhumi amla, mulethi, pippali"
hair fall,"manjistha, bhumi amla, arjuna bark"
snoring,"punarnava, guggulu"
bronchitis,"fennel, lemongrass, gotu kola, turmeric"
cold feet,"ajwain, honey, licorice root, aloe vera"
pms symptoms,"mint, daruharidra"
spleen pain,"licorice root, coriander"
allergic rhinitis,"licorice root, coriander"
nausea,"ghee, brahmi"
low blood pressure,"kulthi, buttermilk, ajwain, turmeric"
toothache,"cinnamon, amla"
panic attacks,"nutmeg, ajwain"
blurred vision,"neem, mint"
heat intolerance,"daruharidra, bhumi amla, pippali"
kidney stone,"ginger, shankhpushpi, rock salt, ghee"
psoriasis,"mulethi, basil, aloe vera, garlic"
sweaty palms,"shankhpushpi, amla"
high blood pressure,"gotu kola, camphor"
gallstone,"castor oil, punarnava"
weak bones,"daruharidra, haritaki, shatavari"
fluid retention,"camphor, coriander, lemongrass"
menstrual cramps,"rock salt, gotu kola, triphala, manjistha"
acidity,"castor oil, camphor, cinnamon"
sciatica,"jatamansi, jeera, shankhpushpi"
cold,"basil, garlic"
watery eyes,"basil, garlic"
hyperpigmentation,"shankhpushpi, black pepper, buttermilk, sandalwood oil"
shingles,"basil, honey"
laryngitis,"cinnamon, brahmi, tulsi"
dark circles,"manjistha, camphor"
hyperpigmentation,"honey, gokshura"
gum bleeding,"arjuna bark, fenugreek, camphor"
sore throat,"camphor, turmeric, neem"
excessive hunger,"vidarikanda, aloe vera, jeera"
restlessness,"pippali, ginger"
body odor,"cardamom, pippali, gokshura"
hiccups,"brahmi, camphor, ghee, black pepper"
motion sickness,"lemongrass, honey, til oil"
hiccups,"triphala, vidarikanda, fenugreek"
hernia,"clove, buttermilk, vidarikanda"
hiccups,"arjuna bark, mint, castor oil"
neck pain,"ajwain, black pepper, punarnava"
insomnia,"manjistha, arjuna bark"
sleep apnea,"onion extract, shatavari, rock salt"
obesity,"yastimadhu, shankhpushpi, triphala, guggulu"
fatigue,"ginger, vidarikanda, cardamom"
bronchitis,"manjistha, bhringraj, arjuna bark"
foot pain,"tulsi, til oil, ghee, ashwagandha"
hot flashes,"shankhpushpi, bhumi amla"
chest congestion,"jeera, ginger, triphala"
varicose veins,"kesar, ajwain, honey"
itchy eyes,"bhumi amla, shatavari"
constipation,"ashwagandha, camphor, turmeric"
neck pain,"fenugreek, onion extract, neem, brahmi"
dry eyes,"shatavari, ginger, vidarikanda"
dark circles,"lemongrass, ashwagandha, camphor, basil"
itchy eyes,"sandalwood oil, jeera, garlic"
bloating,"arjuna bark, jeera"
back pain,"daruharidra, garlic, jatamansi"
neck pain,"mint, neem, shatavari, daruharidra"
spleen pain,"onion extract, clove"
asthma,"ginger, ghee"
diabetes,"aloe vera, arjuna bark, licorice root, yastimadhu"
snoring,"arjuna bark, tulsi, kulthi, turmeric"
acidity,"garlic, til oil, onion extract"
sensitivity to cold,"shankhpushpi, tulsi, guggulu"
shingles,"garlic, jatamansi, aloe vera"
migraine,"licorice root, mint, garlic, bhumi amla"
knee pain,"clove, licorice root, bhringraj, til oil"
excessive hunger,"gotu kola, bhumi amla, haritaki, kesar"
watery eyes,"clove, basil, jatamansi"
neck pain,"vidarikanda, gotu kola, tulsi, mulethi"
menstrual cramps,"til oil, sandalwood oil"
cold feet,"neem, tulsi"
gas,"ajwain, pippali, nutmeg"
dandruff,"garlic, mint, arjuna bark, jatamansi"
cold sores,"onion extract, shankhpushpi, castor oil"
low immunity,"gokshura, brahmi, pippali, garlic"
joint pain,"punarnava, licorice root"
measles,"rock salt, ghee"
low appetite,"daruharidra, black pepper, bhringraj"
liver issues,"aloe vera, guggulu, clove, triphala"
gallstone,"bhumi amla, black pepper, manjistha, shankhpushpi"
gallstone,"pippali, ghee, kesar, coriander"
chest congestion,"shankhpushpi, jatamansi, neem, shatavari"
vomiting,"arjuna bark, bhumi amla, jeera"
measles,"mint, black pepper, vidarikanda"
back pain,"vidarikanda, garlic"
throat infection,"bhumi amla, yastimadhu, amla"
gallstone,"coriander, honey"
hepatitis,"tulsi, haritaki"
appendicitis,"ashwagandha, mint, ghee"
fever,"clove, kesar, ajwain"
colitis,"nutmeg, yastimadhu, rock salt"
asthma,"daruharidra, ashwagandha, yastimadhu, arjuna bark"
fluid retention,"sandalwood oil, lemongrass, ginger, amla"
insomnia,"arjuna bark, shatavari, clove, cardamom"
cold sores,"basil, jatamansi"
cramps,"gotu kola, clove"
low libido,"ginger, pippali, bhumi amla, black pepper"
excessive hunger,"rock salt, ashwagandha, til oil, lemongrass"
asthma,"shankhpushpi, castor oil, coriander"
fever,"cinnamon, ghee, ashwagandha, tulsi"
delayed periods,"licorice root, shatavari, mulethi, jatamansi"
enlarged liver,"camphor, black pepper, fenugreek, lemongrass"
motion sickness,"onion extract, clove"
lack of focus,"lemongrass, amla, daruharidra"
cold feet,"black pepper, manjistha"
tinnitus,"jeera, ashwagandha, haritaki"
headache,"vidarikanda, clove, triphala, neem"
gallstone,"cinnamon, haritaki"
swollen ankles,"triphala, punarnava"
hepatitis,"haritaki, onion extract, arjuna bark, neem"
pms symptoms,"haritaki, onion extract, licorice root, honey"
diabetes,"haritaki, shatavari, arjuna bark, ginger"
watery eyes,"daruharidra, guggulu, rock salt, jatamansi"
motion sickness,"bhringraj, licorice root, camphor"
low energy,"gokshura, turmeric, triphala"
psoriasis,"gotu kola, ghee, shatavari, aloe vera"
early menopause,"pippali, jatamansi"
skin rash,"triphala, gotu kola"
throat infection,"vidarikanda, amla"
flu,"sandalwood oil, honey"
brittle nails,"yastimadhu, jeera"
sinusitis,"ajwain, cinnamon, clove"
itching,"basil, mulethi"
menstrual cramps,"gokshura, neem, sandalwood oil"
tinnitus,"shankhpushpi, punarnava, black pepper"
chest congestion,"bhringraj, til oil, garlic"
ear pain,"tulsi, ajwain, clove, arjuna bark"
underweight,"bhumi amla, guggulu, buttermilk, neem"
gallstone,"jatamansi, mulethi"
underweight,"sandalwood oil, jeera, kesar, cinnamon"
whooping cough,"brahmi, cardamom, licorice root, guggulu"
motion sickness,"gokshura, shatavari, castor oil, cardamom"
frequent urination,"ghee, vidarikanda"
urinary infection,"tulsi, pippali"
sciatica,"shatavari, garlic, black pepper, mulethi"
enlarged liver,"vidarikanda, punarnava, neem"
tinnitus,"neem, shankhpushpi, kulthi, fenugreek"
fatigue,"daruharidra, sandalwood oil, mulethi, cardamom"
hypopigmentation,"clove, cinnamon, camphor, onion extract"
measles,"cinnamon, garlic, rock salt, neem"
varicose veins,"haritaki, til oil, bhringraj, clove"
early menopause,"ginger, ajwain, haritaki"
hypopigmentation,"guggulu, cinnamon"
rheumatism,"kulthi, til oil, gotu kola"
hypopigmentation,"black pepper, brahmi, kesar"
early menopause,"amla, black pepper, guggulu"
gum bleeding,"tulsi, vidarikanda, shatavari"
menstrual cramps,"vidarikanda, fennel, amla, aloe vera"
ear pain,"clove, til oil, licorice root"
nausea,"ginger, amla"
toothache,"manjistha, neem"
constipation,"licorice root, jeera, castor oil, coriander"
joint pain,"brahmi, aloe vera, fenugreek, sandalwood oil"
dry eyes,"nutmeg, punarnava"
lack of focus,"rock salt, garlic"
low energy,"lemongrass, brahmi, licorice root"
tongue sores,"neem, buttermilk"
tremors,"turmeric, coriander, mint, triphala"
frequent urination,"castor oil, ashwagandha"
lack of focus,"coriander, arjuna bark"
gastritis,"fenugreek, fennel, kesar, haritaki"
sciatica,"buttermilk, licorice root"
ear discharge,"mint, cardamom, punarnava"
pms symptoms,"cardamom, punarnava"
cracked heels,"ginger, guggulu, cardamom"
whooping cough,"mint, daruharidra, triphala"
menstrual cramps,"jatamansi, punarnava, onion extract"
enlarged liver,"fennel, cardamom"
restlessness,"triphala, ajwain, neem"
eye strain,"daruharidra, vidarikanda, guggulu, jatamansi"
sensitivity to cold,"ghee, brahmi, ashwagandha"
migraine,"gokshura, ginger"
bronchitis,"til oil, yastimadhu, vidarikanda, gotu kola"
mouth ulcers,"sandalwood oil, licorice root, neem"
dandruff,"guggulu, cinnamon, brahmi"
sciatica,"amla, sandalwood oil, cinnamon"
skin rash,"aloe vera, bhumi amla, vidarikanda, gokshura"
sore throat,"garlic, guggulu"
gas,"ashwagandha, pippali, kesar"
dandruff,"arjuna bark, rock salt"
sinusitis,"til oil, tulsi, gokshura, triphala"
obesity,"jatamansi, daruharidra, bhringraj"
flu,"amla, ajwain, shankhpushpi"
infertility,"onion extract, bhumi amla, bhringraj, triphala"
panic attacks,"licorice root, shatavari, arjuna bark, guggulu"
varicose veins,"basil, lemongrass"
fracture pain,"basil, garlic"
dark circles,"arjuna bark, turmeric, lemongrass"
eye strain,"bhringraj, punarnava, shatavari, arjuna bark"
neck pain,"guggulu, buttermilk"
muscle pain,"mulethi, licorice root, buttermilk, nutmeg"
underweight,"black pepper, tulsi, garlic, rock salt"
watery eyes,"ghee, til oil, arjuna bark"
low blood pressure,"basil, triphala, neem"
bronchitis,"lemongrass, garlic, shankhpushpi, aloe vera"
sweaty palms,"aloe vera, mint"
kidney stone,"coriander, gokshura"
enlarged liver,"tulsi, brahmi, turmeric, rock salt"
numbness,"castor oil, cardamom, yastimadhu, pippali"
low immunity,"black pepper, shankhpushpi"
hair greying,"rock salt, honey"
fracture pain,"tulsi, bhumi amla, amla"
skin rash,"onion extract, brahmi"
heat intolerance,"bhumi amla, fenugreek, gotu kola, jatamansi"
insomnia,"cinnamon, mulethi, ghee, yastimadhu"
dry eyes,"fenugreek, cardamom"
foot pain,"guggulu, gotu kola, yastimadhu"
numbness,"mint, licorice root"
knee pain,"manjistha, punarnava, castor oil, fenugreek"
dry cough,"cinnamon, rock salt, neem"
allergic rhinitis,"coriander, til oil"
hearing loss,"ghee, brahmi"
muscle pain,"licorice root, sandalwood oil, vidarikanda"
shingles,"fenugreek, camphor, shatavari, cardamom"
high blood pressure,"neem, triphala, shatavari"
panic attacks,"jatamansi, nutmeg, triphala, shatavari"
migraine,"ashwagandha, sandalwood oil"
sensitivity to cold,"daruharidra, ajwain"
vomiting,"shankhpushpi, kulthi"
low immunity,"punarnava, gotu kola"
psoriasis,"kulthi, clove, kesar"
panic attacks,"ghee, haritaki, neem"
early menopause,"onion extract, camphor, basil, fenugreek"
low appetite,"cinnamon, til oil, ashwagandha"
psoriasis,"brahmi, punarnava, bhringraj, manjistha"
tinnitus,"rock salt, mint, amla"
foot pain,"cardamom, rock salt, fennel"
throat infection,"amla, coriander, gokshura"
bedwetting,"jatamansi, haritaki, gotu kola, cardamom"
gum bleeding,"kesar, shankhpushpi"
gas,"neem, fenugreek, rock salt, vidarikanda"
lack of focus,"turmeric, honey, aloe vera, garlic"
laryngitis,"shankhpushpi, neem, brahmi, rock salt"
flu,"brahmi, rock salt, lemongrass"
dry skin,"mint, basil"
watery eyes,"neem, cardamom, rock salt, castor oil"
sensitivity to cold,"ajwain, pippali, gokshura, vidarikanda"
measles,"lemongrass, yastimadhu, vidarikanda, gotu kola"
itching,"mulethi, garlic, camphor, haritaki"
watery eyes,"punarnava, black pepper, ghee, amla"
gastritis,"mint, neem"
urinary infection,"cardamom, vidarikanda"
