Symptom,Traditional_Remedies
dry skin,"garlic, neem"
delayed periods,"camphor, castor oil, onion extract"
high blood pressure,"vidarikanda, pippali, jeera"
cold sores,"turmeric, ajwain"
dark circles,"nutmeg, coriander, rock salt"
infertility,"mint, kesar, ginger"
shingles,"triphala, black pepper, daruharidra"
numbness,"arjuna bark, ajwain"
restlessness,"castor oil, neem"
delayed periods,"fenugreek, bhumi amla"
fever,"kesar, basil, triphala"
ear pain,"shatavari, fenugreek"
knee pain,"guggulu, garlic"
appendicitis,"til oil, vidarikanda, onion extract"
bronchitis,"garlic, honey, bhumi amla, arjuna bark"
foot pain,"cinnamon, tulsi, basil"
headache,"pippali, guggulu, fenugreek"
neck pain,"jatamansi, cardamom"
varicose veins,"pippali, bhumi amla, buttermilk, garlic"
flu,"shankhpushpi, rock salt"
tongue sores,"mulethi, bhumi amla, daruharidra, coriander"
urinary infection,"kulthi, nutmeg"
greasy skin,"turmeric, brahmi, onion extract"
itchy eyes,"daruharidra, castor oil, nutmeg, onion extract"
laryngitis,"basil, jatamansi, jeera"
stomach cramps,"sandalwood oil, tulsi"
joint pain,"shatavari, vidarikanda, basil, fennel"
body odor,"mint, triphala, shatavari, clove"
body odor,"vidarikanda, sandalwood oil"
indigestion,"tulsi, mulethi"
irritability,"rock salt, buttermilk"
insomnia,"pippali, ashwagandha, ajwain, jatamansi"
appendicitis,"shankhpushpi, cardamom, shatavari, ajwain"
neck pain,"pippali, shatavari, camphor, buttermilk"
chest congestion,"punarnava, black pepper, ginger"
blurred vision,"guggulu, coriander, triphala, ginger"
kidney stone,"ajwain, bhringraj"
memory loss,"triphala, gotu kola"
varicose veins,"shatavari, pippali, aloe vera"
hernia,"ginger, camphor"
dry eyes,"onion extract, ashwagandha"
joint pain,"jatamansi, mint, fenugreek, ginger"
stress,"cinnamon, rock salt, punarnava, brahmi"
snoring,"amla, arjuna bark"
mental fog,"fenugreek, fennel, turmeric"
hiccups,"turmeric, arjuna bark, neem, amla"
shingles,"fenugreek, yastimadhu"
acidity,"aloe vera, ginger, fenugreek"
hypopigmentation,"daruharidra, licorice root, guggulu, nutmeg"
constipation,"ghee, cardamom"
spleen pain,"haritaki, aloe vera"
memory loss,"garlic, sandalwood oil, bhringraj, castor oil"
delayed periods,"fennel, pippali, turmeric"
enlarged liver,"gokshura, guggulu, daruharidra"
mouth ulcers,"jatamansi, brahmi"
morning sickness,"fennel, cinnamon"
palpitations,"aloe vera, til oil"
measles,"ghee, shankhpushpi"
hernia,"triphala, punarnava, kulthi, black pepper"
low libido,"kesar, gotu kola, coriander"
hypopigmentation,"lemongrass, buttermilk, shankhpushpi"
sleep apnea,"manjistha, fenugreek, mint, arjuna bark"
enlarged liver,"lemongrass, vidarikanda"
depression,"castor oil, daruharidra, licorice root"
palpitations,"gotu kola, cinnamon, gokshura, ashwagandha"
excessive hunger,"cardamom, ajwain, rock salt"
frequent urination,"daruharidra, onion extract, haritaki, ashwagandha"
obesity,"fenugreek, sandalwood oil"
swollen ankles,"buttermilk, black pepper, lemongrass, triphala"
hair greying,"ginger, jatamansi, bhumi amla"
tinnitus,"bhumi amla, jatamansi, kulthi, til oil"
chickenpox,"cinnamon, ginger, kulthi, rock salt"
hair fall,"cinnamon, neem, daruharidra"
fatigue,"arjuna bark, guggulu, ashwagandha"
gum bleeding,"bhumi amla, ghee, cardamom"
laryngitis,"basil, onion extract, clove, bhumi amla"
hearing loss,"tulsi, ghee, jatamansi"
headache,"triphala, coriander, gotu kola"
colitis,"nutmeg, gotu kola"
skin rash,"coriander, vidarikanda, bhumi amla, yastimadhu"
bronchitis,"ghee, castor oil"
sweaty palms,"kesar, bhringraj, clove, pippali"
mental fog,"black pepper, basil, brahmi"
frequent urination,"punarnava, mint"
itchy eyes,"vidarikanda, ginger"
heat intolerance,"bhumi amla, til oil"
dry skin,"jeera, ashwagandha, haritaki"
flu,"daruharidra, basil"
menstrual cramps,"fenugreek, haritaki"
nausea,"black pepper, buttermilk, daruharidra, jatamansi"
lack of focus,"camphor, kesar"
hypopigmentation,"basil, coriander, manjistha, mint"
itching,"brahmi, cardamom, black pepper, kesar"
liver issues,"gokshura, cardamom"
varicose veins,"cardamom, pippali, rock salt"
enlarged liver,"brahmi, shankhpushpi, jeera"
tremors,"kulthi, shankhpushpi, amla, brahmi"
obesity,"jatamansi, haritaki"
dry cough,"vidarikanda, gotu kola, cinnamon"
high blood pressure,"ashwagandha, turmeric"
tongue sores,"garlic, guggulu"
watery eyes,"coriander, daruharidra"
hair greying,"ajwain, coriander, nutmeg"
tongue sores,"onion extract, kulthi, amla"
migraine,"haritaki, daruharidra"
diabetes,"neem, black pepper, arjuna bark, amla"
sinusitis,"ashwagandha, bhumi amla, camphor"
headache,"brahmi, gokshura, jatamansi"
memory loss,"castor oil, fennel, coriander"
muscle pain,"buttermilk, brahmi, fenugreek"
weak bones,"tulsi, ashwagandha"
dry cough,"gotu kola, jeera, kesar"
pms symptoms,"clove, shatavari"
chest congestion,"aloe vera, fennel"
depression,"bhumi amla, licorice root"
body odor,"mulethi, yastimadhu, arjuna bark, mint"
greasy skin,"nutmeg, ashwagandha"
gallstone,"coriander, nutmeg"
sore throat,"aloe vera, ashwagandha"
flu,"neem, ginger, kulthi"
mental fog,"arjuna bark, jatamansi, sandalwood oil"
tongue sores,"neem, lemongrass"
nausea,"ginger, ashwagandha, yastimadhu"
weak bones,"kesar, fenugreek"
body odor,"bhumi amla, camphor, cardamom"
cold,"manjistha, onion extract"
eye strain,"daruharidra, yastimadhu"
cold sores,"triphala, daruharidra"
eye strain,"bhumi amla, til oil, mulethi"
sciatica,"honey, ghee, rock salt, black pepper"
appendicitis,"fenugreek, fennel"
cold sores,"nutmeg, aloe vera, honey, kesar"
chest congestion,"ghee, mint, cardamom, guggulu"
whooping cough,"sandalwood oil, yastimadhu, pippali, bhumi amla"
hair fall,"coriander, basil"
sleep apnea,"honey, cardamom, bhringraj, gokshura"
low energy,"ghee, guggulu, fenugreek"
chest congestion,"haritaki, tulsi"
bloating,"honey, camphor"
migraine,"brahmi, mulethi, haritaki, onion extract"
insomnia,"coriander, ashwagandha"
irritability,"shatavari, manjistha"
colitis,"ginger, rock salt, neem"
enlarged liver,"sandalwood oil, kulthi"
excessive hunger,"cinnamon, basil, licorice root, jatamansi"
kidney stone,"arjuna bark, triphala"
bronchitis,"onion extract, manjistha, fenugreek, ashwagandha"
pms symptoms,"fenugreek, lemongrass, mulethi, haritaki"
dry cough,"jeera, tulsi"
dry cough,"gotu kola, nutmeg"
motion sickness,"neem, til oil, punarnava"
hyperpigmentation,"guggulu, mulethi, pippali"
measles,"triphala, fennel"
morning sickness,"rock salt, triphala"
stomach cramps,"gotu kola, ajwain, kesar"
back pain,"til oil, nutmeg, ghee"
hiccups,"til oil, coriander, shankhpushpi, punarnava"
greasy skin,"vidarikanda, til oil, haritaki, coriander"
body odor,"basil, jatamansi, bhumi amla, garlic"
bloating,"garlic, lemongrass, shankhpushpi"
gallstone,"neem, aloe vera, amla"
chest congestion,"jeera, buttermilk, tulsi"
mental fog,"ashwagandha, til oil, daruharidra, triphala"
fracture pain,"mint, daruharidra"
mouth ulcers,"amla, kesar, haritaki"
sunburn,"pippali, manjistha, kesar"
gum bleeding,"clove, ginger, kesar"
sciatica,"basil, manjistha, ajwain, lemongrass"
anxiety,"brahmi, honey, gokshura, mulethi"
hyperpigmentation,"nutmeg, mulethi, brahmi"
fluid retention,"guggulu, basil, cardamom, pippali"
vomiting,"tulsi, haritaki, coriander"
throat infection,"guggulu, fennel"
obesity,"cinnamon, til oil, gotu kola, mulethi"
nausea,"yastimadhu, castor oil, black pepper"
low energy,"vidarikanda, cardamom, fennel"
excessive hunger,"ashwagandha, fennel"
restlessness,"bhringraj, basil, daruharidra"
low libido,"garlic, haritaki, shankhpushpi"
numbness,"ashwagandha, clove"
ear discharge,"punarnava, black pepper"
palpitations,"rock salt, mulethi, arjuna bark"
cold feet,"kulthi, triphala, kesar"
insomnia,"buttermilk, lemongrass"
stress,"coriander, fennel, neem, brahmi"
itching,"licorice root, castor oil, cinnamon"
migraine,"nutmeg, mulethi"
throat infection,"aloe vera, kulthi"
sleep apnea,"buttermilk, garlic, castor oil"
hernia,"tulsi, rock salt"
dark circles,"til oil, shatavari, honey"
cold,"mint, tulsi, aloe vera"
spleen pain,"rock salt, garlic, yastimadhu, honey"
anxiety,"vidarikanda, kulthi"
watery eyes,"manjistha, rock salt, haritaki"
laryngitis,"basil, neem"
dandruff,"ghee, clove"
cold sores,"mint, rock salt, punarnava, cinnamon"
enlarged liver,"ajwain, kulthi"
underweight,"punarnava, kulthi"
itching,"tulsi, honey, basil, kesar"
liver issues,"punarnava, haritaki"
allergic rhinitis,"black pepper, shankhpushpi, honey"
cold sores,"onion extract, jatamansi, sandalwood oil"
fluid retention,"honey, bhringraj"
allergic rhinitis,"turmeric, mint"
itchy eyes,"clove, nutmeg, punarnava"
laryngitis,"coriander, onion extract"
urinary infection,"mulethi, cinnamon, nutmeg"
acne,"gotu kola, ajwain"
spleen pain,"basil, daruharidra, fenugreek, guggulu"
watery eyes,"jeera, fenugreek, neem, aloe vera"
cold,"triphala, punarnava, brahmi, vidarikanda"
high blood pressure,"cinnamon, yastimadhu, ajwain"
sensitivity to cold,"ajwain, haritaki"
frequent urination,"nutmeg, arjuna bark, neem, ashwagandha"
nausea,"gotu kola, basil, haritaki, buttermilk"
itchy eyes,"daruharidra, ajwain"
nausea,"cinnamon, ginger"
neck pain,"buttermilk, ginger"
motion sickness,"til oil, castor oil, amla, basil"
hiccups,"neem, pippali, amla"
dry skin,"amla, ajwain"
vomiting,"licorice root, cardamom, cinnamon"
bedwetting,"black pepper, rock salt, manjistha"
lack of focus,"guggulu, honey, cinnamon, castor oil"
sciatica,"jeera, tulsi"
kidney stone,"honey, yastimadhu"
stress,"tulsi, yastimadhu, triphala"
restlessness,"manjistha, nutmeg, bhringraj"
liver issues,"shatavari, black pepper, gotu kola, coriander"
gastritis,"kulthi, mulethi"
liver issues,"fenugreek, ginger"
cold sores,"arjuna bark, licorice root, basil, onion extract"
vision loss,"onion extract, basil"
swollen ankles,"kesar, ashwagandha"
palpitations,"ajwain, buttermilk, guggulu"
fatigue,"ghee, shankhpushpi, kulthi, rock salt"
migraine,"castor oil, black pepper"
acidity,"tulsi, jeera"
dry cough,"kulthi, kesar, shankhpushpi"
low appetite,"gokshura, cinnamon, mulethi"
sciatica,"gokshura, onion extract, daruharidra"
cold,"guggulu, til oil, black pepper, gotu kola"
insomnia,"buttermilk, brahmi, garlic, gokshura"
stress,"guggulu, daruharidra, mint"
underweight,"ginger, yastimadhu, manjistha, mulethi"
palpitations,"licorice root, lemongrass"
foot pain,"jatamansi, brahmi, bhumi amla, neem"
back pain,"guggulu, kesar, basil, black pepper"
vision loss,"coriander, manjistha, lemongrass, bhringraj"
chickenpox,"ashwagandha, punarnava, tulsi, ghee"
infertility,"turmeric, mulethi"
fracture pain,"black pepper, kulthi"
kidney stone,"clove, daruharidra, turmeric, tulsi"
cramps,"gokshura, brahmi"
bad breath,"honey, garlic, jeera, triphala"
varicose veins,"til oil, fennel, triphala"
sleep apnea,"amla, arjuna bark"
swollen ankles,"pippali, onion extract, turmeric, bhumi amla"
constipation,"pippali, yastimadhu, amla, punarnava"
memory loss,"cinnamon, jeera, gotu kola, jatamansi"
palpitations,"mint, ashwagandha, pippali"
dry cough,"pippali, manjistha, til oil"
liver issues,"honey, ghee, brahmi, castor oil"
hearing loss,"onion extract, honey, turmeric"
swollen ankles,"lemongrass, basil, neem"
low blood pressure,"camphor, jatamansi, fenugreek, arjuna bark"
hiccups,"fennel, turmeric, fenugreek, ghee"
eye strain,"arjuna bark, lemongrass, guggulu"
acne,"manjistha, neem, kulthi"
colitis,"rock salt, til oil, tulsi, vidarikanda"
blurred vision,"guggulu, fenugreek, aloe vera, buttermilk"
hair fall,"triphala, pippali"
bronchitis,"pippali, nutmeg, lemongrass"
chickenpox,"cardamom, manjistha, amla"
foot pain,"fennel, shankhpushpi, ajwain"
sunburn,"triphala, buttermilk, bhumi amla"
sensitivity to cold,"vidarikanda, lemongrass, aloe vera, shankhpushpi"
hiccups,"bhumi amla, daruharidra, fenugreek"
dry cough,"vidarikanda, jeera, kesar, guggulu"
bad breath,"garlic, shatavari, fennel"
sweaty palms,"bhringraj, guggulu, camphor"
migraine,"aloe vera, sandalwood oil"
insomnia,"amla, lemongrass"
low blood pressure,"turmeric, yastimadhu, mint"
chickenpox,"mint, onion extract, arjuna bark, guggulu"
hair fall,"ghee, haritaki, ashwagandha"
dry cough,"gokshura, cinnamon, kulthi, castor oil"
headache,"daruharidra, ashwagandha"
eye strain,"buttermilk, ashwagandha"
gas,"licorice root, kesar, tulsi, castor oil"
hair greying,"daruharidra, jeera, kulthi"
flu,"garlic, gotu kola"
spleen pain,"bhringraj, punarnava, arjuna bark"
cramps,"buttermilk, gotu kola, licorice root, mint"
toothache,"gokshura, turmeric"
varicose veins,"camphor, bhringraj, triphala"
constipation,"onion extract, guggulu"
back pain,"cardamom, mulethi"
bad breath,"cinnamon, vidarikanda, manjistha"
sinusitis,"ashwagandha, jeera, fennel"
itching,"neem, honey, vidarikanda"
ear pain,"bhringraj, sandalwood oil, guggulu"
psoriasis,"til oil, licorice root, triphala, bhumi amla"
joint pain,"haritaki, mint"
sunburn,"buttermilk, basil, bhringraj"
sciatica,"mint, arjuna bark, bhumi amla, honey"
cold,"licorice root, fenugreek, ginger"
infertility,"gokshura, jeera, aloe vera"
chickenpox,"onion extract, triphala, honey"
tongue sores,"neem, amla, til oil"
obesity,"mulethi, mint"
fever,"buttermilk, rock salt, camphor, yastimadhu"
hyperpigmentation,"buttermilk, kesar"
numbness,"cinnamon, aloe vera"
joint pain,"mulethi, basil, black pepper, punarnava"
eczema,"neem, mulethi, fennel"
sensitivity to cold,"black pepper, clove, kesar, bhringraj"
sweaty palms,"garlic, neem, kulthi"
sleep apnea,"kulthi, ginger"
sweaty palms,"triphala, nutmeg, shankhpushpi, manjistha"
headache,"bhringraj, amla, lemongrass"
spleen pain,"triphala, camphor"
varicose veins,"kesar, honey, triphala, nutmeg"
spleen pain,"daruharidra, clove, sandalwood oil, kulthi"
spleen pain,"mint, sandalwood oil, nutmeg"
itchy eyes,"fennel, licorice root, jatamansi, mint"
skin rash,"basil, fenugreek"
low blood pressure,"basil, clove, camphor, honey"
stress,"licorice root, lemongrass, arjuna bark, pippali"
cold sores,"jatamansi, pippali"
stomach cramps,"shatavari, jatamansi, guggulu"
hernia,"coriander, ajwain"
heat intolerance,"camphor, amla, sandalwood oil"
swollen ankles,"yastimadhu, kulthi, fennel"
back pain,"jatamansi, basil, vidarikanda, buttermilk"
sunburn,"daruharidra, shatavari"
swollen ankles,"neem, mint, guggulu"
chest congestion,"kesar, bhumi amla, lemongrass"
sore throat,"kulthi, haritaki, jatamansi"
fatigue,"punarnava, rock salt"
anxiety,"ginger, onion extract"
low blood pressure,"sandalwood oil, fennel, vidarikanda"
hypopigmentation,"jeera, turmeric"
cold sores,"mulethi, punarnava"
itching,"bhringraj, jatamansi"
kidney stone,"garlic, pippali, amla, jeera"
low immunity,"daruharidra, shankhpushpi, basil, turmeric"
measles,"basil, rock salt"
knee pain,"daruharidra, buttermilk"
hernia,"manjistha, cinnamon, ghee"
foot pain,"daruharidra, triphala, cinnamon"
eczema,"mulethi, daruharidra, shankhpushpi, sandalwood oil"
indigestion,"bhumi amla, gotu kola, licorice root, ajwain"
colitis,"ginger, yastimadhu, amla"
gas,"ghee, guggulu, fenugreek"
hair greying,"ajwain, mulethi, fenugreek, manjistha"
frequent urination,"manjistha, brahmi, amla"
depression,"ginger, fennel, pippali, sandalwood oil"
high blood pressure,"licorice root, fenugreek, guggulu, shankhpushpi"
sleep apnea,"cinnamon, onion extract, ginger"
knee pain,"arjuna bark, ghee"
hyperpigmentation,"arjuna bark, ginger, manjistha"
headache,"jatamansi, yastimadhu"
fracture pain,"onion extract, ghee, bhumi amla"
excessive hunger,"licorice root, haritaki"
dark circles,"shankhpushpi, nutmeg, ginger, jeera"
irritability,"cardamom, amla"
early menopause,"yastimadhu, cardamom, cinnamon"
watery eyes,"shatavari, black pepper, fennel, buttermilk"
ear discharge,"ginger, rock salt"
throat infection,"sandalwood oil, buttermilk, cardamom, kulthi"
varicose veins,"haritaki, ashwagandha, clove"
diabetes,"shatavari, guggulu"
hyperpigmentation,"fenugreek, gokshura, kulthi, punarnava"
cold sores,"kulthi, onion extract, til oil"
fever,"clove, kulthi, shankhpushpi"
toothache,"basil, mulethi"
snoring,"kesar, nutmeg"
throat infection,"honey, castor oil, mint, bhringraj"
joint pain,"rock salt, sandalwood oil, castor oil"
insomnia,"nutmeg, ginger, triphala, vidarikanda"
hot flashes,"bhumi amla, kulthi, lemongrass"
tongue sores,"castor oil, manjistha"
gas,"rock salt, mulethi, black pepper, neem"
lack of focus,"fennel, bhringraj, jatamansi, jeera"
numbness,"fennel, black pepper"
tremors,"ghee, buttermilk, fenugreek, brahmi"
laryngitis,"mulethi, gokshura, yastimadhu, brahmi"
infertility,"shankhpushpi, ajwain, kulthi"
knee pain,"pippali, amla, lemongrass"
kidney stone,"bhumi amla, arjuna bark, kesar"
panic attacks,"rock salt, pippali, til oil, kesar"
knee pain,"pippali, rock salt, onion extract, fenugreek"
stress,"bhumi amla, black pepper, guggulu, daruharidra"
insomnia,"daruharidra, black pepper, guggulu, ghee"
varicose veins,"shankhpushpi, arjuna bark, daruharidra"
tremors,"honey, pippali"
sinusitis,"licorice root, castor oil, kulthi"
colitis,"arjuna bark, punarnava, haritaki"
hiccups,"black pepper, mint, ghee, til oil"
insomnia,"punarnava, onion extract"
cold,"pippali, kulthi"
menstrual cramps,"ghee, shankhpushpi, tulsi, camphor"
liver issues,"honey, sandalwood oil, shankhpushpi"
vomiting,"camphor, ajwain, gokshura, bhumi amla"
numbness,"onion extract, guggulu, ghee, honey"
flu,"ashwagandha, cinnamon, shankhpushpi, turmeric"
swollen ankles,"haritaki, mulethi, til oil, ashwagandha"
sinusitis,"turmeric, daruharidra, cinnamon, yastimadhu"
bad breath,"tulsi, jeera"
sore throat,"coriander, jatamansi"
dark circles,"tulsi, sandalwood oil, buttermilk"
migraine,"aloe vera, pippali, castor oil"
back pain,"arjuna bark, jeera"
panic attacks,"brahmi, buttermilk, til oil"
tinnitus,"triphala, guggulu, bhringraj, ajwain"
sweaty palms,"fennel, guggulu, mulethi, castor oil"
chickenpox,"fennel, vidarikanda, jatamansi, manjistha"
bronchitis,"clove, fennel, jeera"
sleep apnea,"coriander, jeera, bhringraj, yastimadhu"
brittle nails,"onion extract, mint, gotu kola"
gum bleeding,"arjuna bark, shankhpushpi, licorice root"
excessive hunger,"ghee, gokshura"
spleen pain,"yastimadhu, jatamansi"
liver issues,"yastimadhu, punarnava"
acne,"neem, ginger, cinnamon"
cramps,"manjistha, ginger, amla, shatavari"
early menopause,"turmeric, amla"
acidity,"haritaki, triphala, amla, brahmi"
knee pain,"honey, aloe vera"
restlessness,"ashwagandha, bhumi amla, gotu kola"
delayed periods,"yastimadhu, ajwain, buttermilk, aloe vera"
hernia,"brahmi, fenugreek, buttermilk"
sleep apnea,"licorice root, basil"
numbness,"turmeric, bhringraj"
cold feet,"sandalwood oil, arjuna bark, onion extract, ghee"
snoring,"tulsi, ghee, pippali"
knee pain,"guggulu, neem, coriander"
hepatitis,"ginger, mulethi"
cold feet,"honey, gokshura, vidarikanda"
toothache,"triphala, turmeric"
cold sores,"kesar, garlic, bhringraj, turmeric"
vision loss,"bhringraj, gokshura"
morning sickness,"ajwain, daruharidra, jeera"
low libido,"pippali, fenugreek"
throat infection,"kesar, bhringraj, jatamansi, basil"
fracture pain,"cardamom, tulsi, shankhpushpi"
sweaty palms,"daruharidra, gokshura, basil, tulsi"
cold feet,"ginger, lemongrass"
eye strain,"mint, yastimadhu, fenugreek"
stress,"coriander, triphala, pippali, cinnamon"
appendicitis,"arjuna bark, neem, punarnava"
frequent urination,"shatavari, fennel, amla"
irritability,"kulthi, jatamansi, black pepper"
anxiety,"mulethi, coriander, neem, aloe vera"
hypopigmentation,"ajwain, arjuna bark, punarnava"
memory loss,"amla, gotu kola, neem, buttermilk"
cracked heels,"mint, nutmeg, mulethi"
asthma,"ajwain, neem, til oil"
asthma,"turmeric, lemongrass, jatamansi"
nausea,"vidarikanda, onion extract, licorice root, brahmi"
hot flashes,"basil, triphala, onion extract"
acidity,"guggulu, punarnava"
laryngitis,"gokshura, amla, black pepper, honey"
burning sensation,"nutmeg, amla"
hiccups,"rock salt, til oil, pippali"
anxiety,"honey, punarnava, amla, ajwain"
hiccups,"sandalwood oil, haritaki"
stomach cramps,"yastimadhu, buttermilk"
nausea,"castor oil, mulethi, basil, clove"
varicose veins,"gotu kola, daruharidra, kesar, tulsi"
mental fog,"tulsi, fennel, shatavari, daruharidra"
itchy eyes,"turmeric, honey, gotu kola"
migraine,"guggulu, cardamom"
brittle nails,"bhringraj, yastimadhu, pippali, coriander"
cold feet,"vidarikanda, ginger, ashwagandha, triphala"
swollen ankles,"mint, ajwain, shankhpushpi"
burning sensation,"til oil, neem, amla"
fracture pain,"basil, aloe vera, fenugreek"
frequent urination,"garlic, shankhpushpi, aloe vera"
restlessness,"ajwain, bhumi amla, jatamansi, fennel"
sleep apnea,"lemongrass, kesar, jatamansi, brahmi"
kidney stone,"vidarikanda, pippali, turmeric, triphala"
toothache,"fenugreek, mint, turmeric, castor oil"
gastritis,"lemongrass, fenugreek, amla, ajwain"
skin rash,"punarnava, vidarikanda"
memory loss,"rock salt, castor oil, haritaki, ajwain"
throat infection,"fennel, nutmeg, ghee, coriander"
hot flashes,"haritaki, ginger, jatamansi"
blurred vision,"bhringraj, amla"
back pain,"ghee, daruharidra, nutmeg, gokshura"
low appetite,"manjistha, brahmi"
anxiety,"jatamansi, punarnava, clove, aloe vera"
morning sickness,"clove, jeera"
throat infection,"bhringraj, shatavari"
knee pain,"onion extract, cinnamon"
skin rash,"licorice root, sandalwood oil, mint, bhringraj"
knee pain,"rock salt, bhringraj, jeera"
fever,"fenugreek, turmeric, amla, garlic"
tinnitus,"neem, vidarikanda"
constipation,"camphor, jatamansi, basil"
blurred vision,"daruharidra, gokshura"
itchy eyes,"black pepper, buttermilk"
skin rash,"basil, garlic, fennel, brahmi"
eye strain,"honey, kesar, coriander, fenugreek"
varicose veins,"coriander, shatavari, jeera"
back pain,"punarnava, triphala, fennel"
bronchitis,"bhumi amla, gokshura"
gallstone,"licorice root, ajwain, yastimadhu"
enlarged liver,"nutmeg, shatavari, honey, ajwain"
liver issues,"tulsi, daruharidra"
burning sensation,"arjuna bark, onion extract, jatamansi, cinnamon"
sinusitis,"bhringraj, jatamansi"
greasy skin,"nutmeg, ajwain"
blurred vision,"cardamom, gokshura, kulthi, castor oil"
low energy,"sandalwood oil, nutmeg, shatavari, ajwain"
frequent urination,"haritaki, black pepper, bhringraj, ajwain"
sore throat,"licorice root, garlic"
spleen pain,"shatavari, shankhpushpi"
restlessness,"honey, sandalwood oil, haritaki"
sensitivity to cold,"fenugreek, til oil, punarnava, ghee"
low energy,"pippali, garlic"
weak bones,"jatamansi, kesar"
toothache,"sandalwood oil, tulsi, triphala"
back pain,"garlic, yastimadhu, daruharidra, shankhpushpi"
itching,"sandalwood oil, gotu kola, shatavari"
kidney stone,"ajwain, rock salt, castor oil, lemongrass"
hot flashes,"shankhpushpi, jeera, cinnamon, punarnava"
numbness,"ajwain, gotu kola, yastimadhu"
hot flashes,"vidarikanda, daruharidra, kesar, shatavari"
bloating,"daruharidra, fenugreek, shatavari"
swollen ankles,"brahmi, pippali, kulthi, amla"
joint pain,"mint, brahmi, honey, castor oil"
whooping cough,"aloe vera, daruharidra"
numbness,"neem, kulthi"
early menopause,"manjistha, til oil"
bedwetting,"haritaki, aloe vera, honey"
obesity,"vidarikanda, aloe vera, arjuna bark, daruharidra"
itching,"gotu kola, sandalwood oil"
urinary infection,"rock salt, manjistha, jatamansi, triphala"
chest congestion,"haritaki, rock salt, castor oil, vidarikanda"
frequent urination,"punarnava, mint, onion extract, black pepper"
constipation,"guggulu, honey, jatamansi, castor oil"
bad breath,"onion extract, ashwagandha, ginger, fennel"
mental fog,"sandalwood oil, mulethi"
ear discharge,"guggulu, clove, ajwain, haritaki"
bronchitis,"til oil, punarnava"
dandruff,"black pepper, tulsi, rock salt"
low immunity,"gotu kola, honey, shatavari, mint"
itching,"rock salt, cinnamon, bhumi amla, garlic"
sensitivity to cold,"garlic, onion extract, clove, fenugreek"
fatigue,"basil, shatavari"
anxiety,"pippali, mulethi"
liver issues,"honey, pippali, basil"
body odor,"neem, til oil"
chickenpox,"basil, bhringraj, shankhpushpi"
psoriasis,"fenugreek, shankhpushpi"
mouth ulcers,"triphala, tulsi, buttermilk, kulthi"
neck pain,"castor oil, til oil"
dry cough,"onion extract, licorice root, brahmi"
enlarged liver,"tulsi, fenugreek, basil"
excessive hunger,"cinnamon, haritaki, ginger, ashwagandha"
palpitations,"daruharidra, black pepper, lemongrass, jeera"
constipation,"kulthi, fennel"
dry eyes,"nutmeg, ajwain, clove"
gastritis,"nutmeg, buttermilk"
delayed periods,"yastimadhu, gotu kola"
mouth ulcers,"ghee, vidarikanda, ginger, camphor"
fracture pain,"rock salt, cardamom"
migraine,"lemongrass, gokshura, buttermilk"
low energy,"ginger, gotu kola, clove"
hepatitis,"garlic, lemongrass"
heat intolerance,"onion extract, gotu kola"
gallstone,"triphala, mulethi"
ear discharge,"camphor, onion extract"
swollen ankles,"coriander, gotu kola, sandalwood oil, fennel"
snoring,"coriander, onion extract, castor oil"
sensitivity to cold,"triphala, aloe vera, ajwain, bhumi amla"
whooping cough,"onion extract, ajwain, aloe vera"
pms symptoms,"shankhpushpi, ashwagandha, tulsi, basil"
fracture pain,"bhringraj, neem, lemongrass"
stress,"ashwagandha, pippali, daruharidra"
excessive hunger,"aloe vera, haritaki, jeera"
gum bleeding,"rock salt, punarnava, coriander, castor oil"
gum bleeding,"kulthi, kesar"
throat infection,"licorice root, manjistha"
dry eyes,"jeera, licorice root, honey, onion extract"
muscle pain,"punarnava, licorice root, jatamansi, arjuna bark"
sweaty palms,"cardamom, camphor"
liver issues,"shatavari, basil"
vomiting,"licorice root, manjistha"
gastritis,"ajwain, bhringraj, jeera"
hair fall,"amla, shatavari"
hot flashes,"onion extract, clove"
sensitivity to cold,"clove, guggulu, punarnava, castor oil"
hepatitis,"ginger, basil"
neck pain,"brahmi, ghee, amla, camphor"
ear discharge,"basil, vidarikanda, shatavari"
gum bleeding,"fennel, daruharidra, fenugreek, nutmeg"
menstrual cramps,"licorice root, basil, sandalwood oil, triphala"
sensitivity to cold,"clove, gotu kola"
swollen ankles,"turmeric, amla"
weak bones,"tulsi, brahmi, jeera"
swollen ankles,"kulthi, mint, manjistha"
sciatica,"guggulu, gotu kola, arjuna bark"
indigestion,"haritaki, camphor, manjistha"
sunburn,"cinnamon, coriander"
obesity,"jatamansi, guggulu"
vision loss,"coriander, jeera"
swollen ankles,"garlic, bhringraj, aloe vera, yastimadhu"
itching,"camphor, kulthi, guggulu, mint"
stress,"arjuna bark, garlic, sandalwood oil, licorice root"
bedwetting,"shatavari, fenugreek"
chest congestion,"mulethi, rock salt, gokshura, brahmi"
delayed periods,"buttermilk, kulthi, arjuna bark, mulethi"
foot pain,"camphor, til oil, kesar"
asthma,"bhringraj, mint"
delayed periods,"camphor, ghee, til oil, ginger"
fatigue,"vidarikanda, pippali, coriander, clove"
low energy,"buttermilk, ghee"
delayed periods,"shatavari, cardamom"
diabetes,"bhumi amla, ginger, tulsi"
high blood pressure,"pippali, amla"
gastritis,"yastimadhu, arjuna bark, rock salt, black pepper"
measles,"mulethi, ajwain, honey"
bedwetting,"mulethi, camphor"
hernia,"haritaki, bhringraj, kulthi"
kidney stone,"turmeric, sandalwood oil"
palpitations,"bhringraj, fenugreek"
bloating,"rock salt, neem, tulsi"
nausea,"brahmi, arjuna bark, shatavari, ginger"
depression,"daruharidra, coriander, ashwagandha"
shingles,"jatamansi, gokshura"
weak bones,"aloe vera, buttermilk"
burning sensation,"pippali, mint"
anxiety,"licorice root, castor oil, rock salt, manjistha"
weak bones,"garlic, jatamansi, basil"
frequent urination,"camphor, bhringraj, bhumi amla"
burning sensation,"nutmeg, jeera, punarnava, garlic"
indigestion,"onion extract, shatavari"
toothache,"daruharidra, garlic, black pepper, mulethi"
headache,"buttermilk, cardamom, rock salt"
palpitations,"coriander, gokshura, manjistha, til oil"
gastritis,"gotu kola, neem"
nausea,"buttermilk, haritaki"
gallstone,"ashwagandha, honey"
pms symptoms,"ashwagandha, punarnava, guggulu"
gas,"fenugreek, daruharidra, licorice root"
urinary infection,"gokshura, onion extract, honey"
low libido,"castor oil, ginger, tulsi"
sleep apnea,"ghee, kulthi, jeera, jatamansi"
headache,"shatavari, sandalwood oil, cinnamon, bhumi amla"
sinusitis,"gokshura, ajwain, coriander"
frequent urination,"lemongrass, castor oil"
hernia,"ashwagandha, manjistha, fenugreek"
sinusitis,"haritaki, clove, sandalwood oil"
ear discharge,"castor oil, turmeric, coriander"
low libido,"basil, kulthi"
neck pain,"aloe vera, jatamansi"
enlarged liver,"buttermilk, kesar, nutmeg"
frequent urination,"fenugreek, coriander"
migraine,"bhumi amla, brahmi, tulsi, shankhpushpi"
pms symptoms,"bhumi amla, tulsi, amla, mint"
panic attacks,"garlic, yastimadhu, fenugreek"
mouth ulcers,"bhumi amla, garlic"
infertility,"lemongrass, brahmi, daruharidra"
early menopause,"punarnava, kesar, castor oil, arjuna bark"
headache,"haritaki, garlic"
hypopigmentation,"clove, gotu kola, turmeric"
colitis,"cardamom, ashwagandha, garlic"
infertility,"arjuna bark, kulthi, coriander, licorice root"
psoriasis,"shankhpushpi, punarnava"
acne,"mulethi, shankhpushpi"
obesity,"shankhpushpi, sandalwood oil"
toothache,"castor oil, nutmeg, sandalwood oil"
hair greying,"amla, tulsi, kesar, guggulu"
hair fall,"mint, tulsi, onion extract, lemongrass"
hernia,"castor oil, amla, onion extract, punarnava"
heat intolerance,"amla, ghee, haritaki, lemongrass"
body odor,"guggulu, brahmi, camphor"
toothache,"arjuna bark, clove, sandalwood oil, jatamansi"
kidney stone,"yastimadhu, turmeric, honey, cardamom"
colitis,"coriander, shatavari"
hernia,"triphala, nutmeg, clove, castor oil"
throat infection,"mulethi, yastimadhu, licorice root, til oil"
hair greying,"vidarikanda, kesar, arjuna bark"
sweaty palms,"guggulu, cardamom, neem"
vision loss,"ajwain, fenugreek, arjuna bark"
early menopause,"ashwagandha, cinnamon"
lack of focus,"jatamansi, til oil, rock salt, bhringraj"
varicose veins,"fennel, neem, lemongrass"
burning sensation,"black pepper, cinnamon, til oil, turmeric"
fracture pain,"buttermilk, mulethi, clove, jatamansi"
morning sickness,"coriander, fennel, haritaki"
dry cough,"manjistha, kesar, castor oil, jeera"
sciatica,"buttermilk, til oil"
greasy skin,"camphor, lemongrass, mint, til oil"
lack of focus,"guggulu, bhumi amla, mulethi"
pms symptoms,"mulethi, fennel, cardamom"
high blood pressure,"manjistha, honey"
nausea,"cinnamon, sandalwood oil"
fluid retention,"rock salt, vidarikanda, neem, sandalwood oil"
sweaty palms,"neem, coriander"
cold feet,"shankhpushpi, basil, cardamom, fenugreek"
frequent urination,"coriander, sandalwood oil, ajwain"
ear pain,"ajwain, turmeric, camphor"
menstrual cramps,"arjuna bark, punarnava"
panic attacks,"haritaki, neem, kulthi, brahmi"
hernia,"lemongrass, black pepper, triphala"
bedwetting,"cinnamon, lemongrass, sandalwood oil, nutmeg"
excessive hunger,"guggulu, tulsi, onion extract"
fracture pain,"black pepper, tulsi, vidarikanda, fennel"
indigestion,"haritaki, triphala"
hearing loss,"garlic, licorice root"
dark circles,"black pepper, licorice root, mulethi"
measles,"coriander, ashwagandha, buttermilk"
memory loss,"kesar, til oil, gokshura"
menstrual cramps,"amla, haritaki, ashwagandha"
insomnia,"licorice root, sandalwood oil"
chickenpox,"black pepper, manjistha"
hiccups,"brahmi, pippali, neem, jatamansi"
fluid retention,"ghee, aloe vera, ajwain, brahmi"
hot flashes,"ghee, pippali, ajwain, castor oil"
restlessness,"ashwagandha, gotu kola"
appendicitis,"haritaki, punarnava, kulthi"
morning sickness,"shatavari, cinnamon, ginger, ashwagandha"
brittle nails,"neem, pippali, cardamom, punarnava"
mouth ulcers,"vidarikanda, ajwain"
psoriasis,"vidarikanda, guggulu"
acidity,"fennel, camphor, til oil"
low appetite,"arjuna bark, licorice root, garlic"
sensitivity to cold,"castor oil, ghee"
low energy,"ashwagandha, brahmi, tulsi"
bedwetting,"sandalwood oil, ashwagandha"
tremors,"vidarikanda, neem"
skin rash,"coriander, daruharidra, shankhpushpi"
hair greying,"fennel, basil, ajwain"
depression,"fenugreek, coriander"
hepatitis,"aloe vera, haritaki, jatamansi"
morning sickness,"sandalwood oil, ghee, mulethi, gotu kola"
stress,"turmeric, ghee, lemongrass, neem"
hyperpigmentation,"camphor, ghee, onion extract"
colitis,"punarnava, mulethi, gotu kola, kulthi"
blurred vision,"pippali, neem"
pms symptoms,"camphor, shankhpushpi, rock salt, yastimadhu"
itchy eyes,"amla, ashwagandha, pippali"
laryngitis,"cardamom, triphala, til oil, daruharidra"
brittle nails,"ghee, ashwagandha"
hair greying,"clove, shankhpushpi, bhumi amla"
weak bones,"amla, ghee"
shingles,"basil, honey"
shingles,"jeera, ghee"
hair fall,"basil, cardamom"
allergic rhinitis,"punarnava, bhumi amla"
psoriasis,"arjuna bark, cinnamon, gokshura"
brittle nails,"yastimadhu, garlic"
burning sensation,"coriander, aloe vera, haritaki"
eye strain,"guggulu, coriander, garlic, ginger"
irritability,"triphala, lemongrass"
brittle nails,"arjuna bark, brahmi, bhringraj"
frequent urination,"onion extract, mulethi, aloe vera, neem"
weak bones,"arjuna bark, daruharidra, gokshura, shankhpushpi"
cracked heels,"gotu kola, vidarikanda, mint"
measles,"ginger, triphala, cardamom, honey"
neck pain,"shankhpushpi, manjistha, tulsi, bhringraj"
gum bleeding,"daruharidra, onion extract, haritaki, cinnamon"
neck pain,"tulsi, sandalwood oil, honey"
cold feet,"jatamansi, nutmeg, aloe vera"
numbness,"ashwagandha, fenugreek, bhringraj"
vomiting,"fenugreek, nutmeg, daruharidra, black pepper"
low immunity,"ajwain, mint"
itching,"camphor, licorice root"
gastritis,"kesar, ginger, jatamansi"
itchy eyes,"ginger, kulthi, kesar, fennel"
watery eyes,"haritaki, kesar, ginger"
bedwetting,"bhumi amla, bhringraj"
whooping cough,"haritaki, jeera, fennel"
measles,"kulthi, lemongrass"
anxiety,"mint, buttermilk, mulethi, shankhpushpi"
frequent urination,"licorice root, cinnamon"
skin rash,"triphala, nutmeg, honey, tulsi"
dry skin,"pippali, jatamansi"
pms symptoms,"guggulu, brahmi, punarnava"
varicose veins,"neem, lemongrass, onion extract"
early menopause,"sandalwood oil, cinnamon, nutmeg"
headache,"shankhpushpi, buttermilk, mint, lemongrass"
nausea,"turmeric, camphor, til oil"
frequent urination,"kulthi, lemongrass, clove, black pepper"
dry skin,"gotu kola, manjistha, yastimadhu"
asthma,"tulsi, basil, kesar"
chest congestion,"sandalwood oil, honey, yastimadhu, manjistha"
fatigue,"gokshura, rock salt, amla"
swollen ankles,"ginger, bhumi amla, mulethi"
sunburn,"rock salt, arjuna bark"
cold sores,"aloe vera, til oil, fennel, ashwagandha"
lack of focus,"til oil, neem, daruharidra, bhringraj"
hot flashes,"punarnava, ginger"
dry cough,"cinnamon, castor oil, rock salt, brahmi"
dry skin,"castor oil, clove"
sleep apnea,"camphor, licorice root, black pepper, coriander"
enlarged liver,"amla, haritaki, punarnava, cinnamon"
sleep apnea,"coriander, triphala"
underweight,"rock salt, black pepper, honey, cardamom"
low libido,"jatamansi, black pepper"
hyperpigmentation,"haritaki, black pepper, sandalwood oil, manjistha"
cracked heels,"tulsi, aloe vera, jeera, sandalwood oil"
depression,"ashwagandha, fennel, garlic"
cold,"shankhpushpi, haritaki, amla"
eye strain,"camphor, triphala, punarnava"
high blood pressure,"fenugreek, honey, shankhpushpi, pippali"
panic attacks,"fennel, ghee, brahmi, camphor"
burning sensation,"black pepper, jeera, guggulu, bhringraj"
sleep apnea,"ajwain, camphor"
toothache,"cardamom, garlic, fenugreek, punarnava"
measles,"onion extract, garlic, sandalwood oil"
blurred vision,"basil, fennel, fenugreek"
constipation,"turmeric, basil"
low blood pressure,"jatamansi, brahmi"
blurred vision,"daruharidra, lemongrass"
shingles,"neem, jatamansi, licorice root"
heat intolerance,"jatamansi, black pepper"
tremors,"yastimadhu, shankhpushpi, neem"
gallstone,"sandalwood oil, bhumi amla, pippali, haritaki"
obesity,"amla, jatamansi"
vomiting,"manjistha, kesar"
infertility,"lemongrass, ghee, neem"
bloating,"shatavari, honey, daruharidra"
back pain,"guggulu, yastimadhu"
gum bleeding,"ajwain, lemongrass, shatavari, ghee"
liver issues,"licorice root, onion extract"
sore throat,"haritaki, jeera"
ear pain,"sandalwood oil, gotu kola, triphala"
hair fall,"honey, haritaki, bhringraj, gotu kola"
swollen ankles,"til oil, guggulu"
enlarged liver,"til oil, lemongrass"
hair greying,"ginger, nutmeg"
sweaty palms,"cinnamon, jatamansi"
neck pain,"arjuna bark, clove, kulthi, black pepper"
underweight,"til oil, onion extract"
foot pain,"daruharidra, castor oil"
whooping cough,"yastimadhu, manjistha, aloe vera"
sore throat,"kesar, nutmeg"
morning sickness,"licorice root, manjistha, shankhpushpi, neem"
itching,"aloe vera, vidarikanda, ajwain"
measles,"tulsi, castor oil, til oil, jatamansi"
laryngitis,"mulethi, fennel"
bloating,"til oil, haritaki, cardamom, fennel"
colitis,"guggulu, fennel"
back pain,"arjuna bark, pippali"
low immunity,"ginger, yastimadhu"
urinary infection,"gokshura, cardamom, buttermilk"
weak bones,"daruharidra, garlic, onion extract"
body odor,"ghee, triphala"
colitis,"garlic, yastimadhu"
throat infection,"tulsi, castor oil, nutmeg"
hair fall,"rock salt, ashwagandha"
shingles,"fenugreek, ashwagandha, lemongrass"
neck pain,"black pepper, yastimadhu, basil"
rheumatism,"tulsi, jeera"
psoriasis,"neem, amla"
sore throat,"ajwain, basil, gotu kola"
eye strain,"yastimadhu, manjistha, vidarikanda, neem"
stomach cramps,"ghee, mulethi, kulthi"
nausea,"bhumi amla, guggulu, castor oil"
ear pain,"jeera, licorice root, brahmi, coriander"
fever,"arjuna bark, lemongrass, clove"
hot flashes,"clove, guggulu"
cracked heels,"ashwagandha, kesar"
varicose veins,"turmeric, sandalwood oil, shankhpushpi, kesar"
kidney stone,"basil, coriander"
psoriasis,"arjuna bark, jatamansi"
early menopause,"vidarikanda, garlic, nutmeg"
liver issues,"jatamansi, tulsi, haritaki"
migraine,"black pepper, licorice root"
measles,"manjistha, aloe vera, buttermilk, coriander"
sunburn,"camphor, punarnava, nutmeg, gokshura"
bad breath,"shatavari, yastimadhu, camphor, turmeric"
insomnia,"yastimadhu, jeera, jatamansi"
asthma,"jeera, aloe vera, arjuna bark"
fatigue,"garlic, jeera"
nausea,"buttermilk, clove"
high blood pressure,"ashwagandha, mint, nutmeg"
brittle nails,"kesar, arjuna bark"
depression,"castor oil, mulethi"
itchy eyes,"kulthi, clove, basil, fenugreek"
knee pain,"tulsi, onion extract"
stomach cramps,"mulethi, nutmeg, buttermilk"
itching,"shatavari, lemongrass, neem, nutmeg"
hearing loss,"kulthi, gotu kola"
tremors,"triphala, basil"
dark circles,"honey, camphor"
lack of focus,"castor oil, kulthi, shankhpushpi, jeera"
enlarged liver,"buttermilk, haritaki, rock salt"
allergic rhinitis,"castor oil, kesar, jatamansi, garlic"
itchy eyes,"basil, manjistha, turmeric"
sweaty palms,"kesar, camphor, mulethi, fennel"
watery eyes,"rock salt, coriander"
hypopigmentation,"ajwain, guggulu, black pepper, amla"
blurred vision,"gokshura, garlic, bhringraj, triphala"
itching,"honey, ginger"
enlarged liver,"shatavari, gokshura, nutmeg, castor oil"
low immunity,"arjuna bark, ashwagandha, kulthi"
eye strain,"shankhpushpi, gokshura, fenugreek, honey"
allergic rhinitis,"punarnava, ginger"
hot flashes,"shatavari, black pepper, bhringraj, guggulu"
bad breath,"gokshura, ginger, gotu kola, jeera"
dry cough,"haritaki, clove"
hearing loss,"garlic, amla, punarnava, ajwain"
chest congestion,"amla, pippali, bhringraj, daruharidra"
underweight,"licorice root, honey"
gas,"til oil, aloe vera, brahmi, mint"
hernia,"cinnamon, basil, jeera, shatavari"
low energy,"shatavari, bhringraj, shankhpushpi, mint"
sleep apnea,"bhringraj, punarnava, buttermilk"
dry skin,"arjuna bark, til oil, triphala, gotu kola"
sensitivity to cold,"buttermilk, black pepper, sandalwood oil, brahmi"
bedwetting,"shankhpushpi, honey, rock salt"
spleen pain,"ghee, clove, kulthi, cardamom"
cracked heels,"fennel, punarnava, buttermilk, haritaki"
anxiety,"fennel, aloe vera, haritaki"
lack of focus,"rock salt, triphala, shatavari, neem"
burning sensation,"kesar, lemongrass, castor oil, kulthi"
dandruff,"mulethi, arjuna bark, gokshura"
motion sickness,"punarnava, ginger"
restlessness,"nutmeg, amla"
lack of focus,"guggulu, cardamom, fenugreek"
body odor,"basil, amla, pippali, til oil"
back pain,"manjistha, ginger, shatavari, aloe vera"
dark circles,"camphor, brahmi"
cramps,"honey, turmeric"
frequent urination,"nutmeg, garlic, basil, castor oil"
measles,"ajwain, gokshura"
stress,"yastimadhu, ghee, gokshura, manjistha"
itching,"mulethi, basil, buttermilk, ginger"
joint pain,"daruharidra, sandalwood oil, rock salt, clove"
toothache,"fenugreek, bhumi amla, arjuna bark"
enlarged liver,"bhringraj, triphala"
foot pain,"haritaki, amla"
insomnia,"cardamom, basil, jatamansi"
itchy eyes,"kesar, mulethi"
dry eyes,"tulsi, ajwain, gokshura, gotu kola"
acidity,"yastimadhu, ajwain"
rheumatism,"tulsi, guggulu, licorice root, cardamom"
fracture pain,"coriander, honey, nutmeg"
weak bones,"yastimadhu, mulethi, guggulu, ajwain"
itching,"shankhpushpi, manjistha, daruharidra, kesar"
brittle nails,"haritaki, neem"
fluid retention,"bhringraj, castor oil"
itchy eyes,"castor oil, fennel, ginger, licorice root"
neck pain,"kesar, honey"
indigestion,"ajwain, black pepper, amla, bhumi amla"
bronchitis,"fenugreek, black pepper, punarnava, basil"
fever,"til oil, punarnava, fenugreek"
knee pain,"kulthi, castor oil, cardamom, garlic"
dark circles,"mulethi, ginger, kulthi, arjuna bark"
hernia,"til oil, jeera, ajwain, guggulu"
constipation,"vidarikanda, ajwain, daruharidra, mint"
dry eyes,"honey, buttermilk, rock salt"
skin rash,"bhumi amla, turmeric, rock salt, punarnava"
itchy eyes,"daruharidra, ghee, shatavari"
irritability,"tulsi, yastimadhu, honey, cardamom"
insomnia,"lemongrass, brahmi"
tremors,"bhringraj, ghee, til oil"
vomiting,"mint, gokshura, bhumi amla, sandalwood oil"
vision loss,"ashwagandha, haritaki, camphor, bhumi amla"
tremors,"tulsi, rock salt, onion extract"
hair greying,"ghee, shankhpushpi, licorice root"
delayed periods,"ashwagandha, kesar, jatamansi, coriander"
neck pain,"kulthi, ghee, castor oil"
varicose veins,"punarnava, sandalwood oil, ghee, daruharidra"
lack of focus,"triphala, camphor, punarnava"
burning sensation,"kesar, cardamom, arjuna bark"
motion sickness,"buttermilk, tulsi, triphala, kulthi"
low blood pressure,"tulsi, sandalwood oil"
eczema,"turmeric, coriander"
rheumatism,"mulethi, fennel, triphala"
memory loss,"nutmeg, fenugreek, gotu kola"
lack of focus,"mulethi, fennel"
burning sensation,"gokshura, haritaki, kesar"
sore throat,"kesar, yastimadhu"
numbness,"haritaki, amla, lemongrass, cinnamon"
tremors,"ginger, vidarikanda, basil, brahmi"
hot flashes,"jeera, turmeric, clove, mulethi"
shingles,"buttermilk, lemongrass, kesar"
neck pain,"neem, mulethi"
low libido,"basil, clove"
bloating,"punarnava, jatamansi"
hiccups,"gokshura, shatavari, neem"
insomnia,"vidarikanda, kulthi, mint"
hearing loss,"kesar, gokshura, guggulu"
motion sickness,"castor oil, tulsi, amla"
urinary infection,"manjistha, ghee, rock salt"
insomnia,"ginger, brahmi"
fatigue,"amla, lemongrass, ginger"
headache,"fennel, amla, coriander"
itchy eyes,"kesar, basil"
cracked heels,"manjistha, lemongrass"
hair fall,"mulethi, aloe vera, lemongrass, sandalwood oil"
